QUERY,MATCH_SCORE,PRG_NUM,PRG_TXT,filtered,FORMATTED,S_finBERT_ntl_pos_neg,S_finBERT_maxSentiment,S_fineTuned_ntl_pos_neg,S_fineTuned_maxSentiment,S_twitter_ntl_pos_neg,S_twitter_maxSentiment
Social. Community. Human rights. Product responsibility. Responsible marketing. Product quality. Data privacy. Workforce. Diversity and inclusion. Career development and training. Working conditions. Health and safety ,79.08,10,"In the absence of a comprehensive federal privacy law, many States are making a push towards privacy legislation. Personally identifiable information is used in support of many of the Company's business processes. For many years, the standard for protection and treatment of that data was benchmarked by privacy and security provisions of the federal GrammLeachBliley Act of 1999 (GLBA) and in the Health Insurance Portability and Accountability Act of 1996 (HIPAA). As consumers have grown more concerned about the protection of their data, as well as how their data is used by an organization, many jurisdictions within and outside of the U.S. have created legislation and issued regulations that apply or may in the future apply to 8 aspects of Aflac U.S. operations and allow consumers the right to access, correct, delete and the right to opt out of sales or use of their data. The https//sec.report/Document/000000497722000058/ 11/256 10/12/22, 135 PM Item 1. Business Aﬂac Inc 2021 Annual Report 10K California Consumer Privacy Act (CCPA), the California Privacy Rights Act (CPRA), the UK General Data Protection Regulation (UK GDPR), the UK Data Protection Act of 2018 (DPA Act) and most recently the Virginia Consumer Data Privacy Act (CDPA) and the Colorado Privacy Act (CPA), which both go into effect in 2023, are examples of these types of legislation.","['As consumers have grown more concerned about the protection of their data, as well as how their data is used by an organization, many jurisdictions within and outside of the U.S. have created legislation and issued regulations that apply or may in the future apply to 8 aspects of Aflac U.S. operations and allow consumers the right to access, correct, delete and the right to opt out of sales or use of their data.', 'Business Aﬂac Inc 2021 Annual Report 10K California Consumer Privacy Act (CCPA), the California Privacy Rights Act (CPRA), the UK General Data Protection Regulation (UK GDPR), the UK Data Protection Act of 2018 (DPA Act) and most recently the Virginia Consumer Data Privacy Act (CDPA) and the Colorado Privacy Act (CPA), which both go into effect in 2023, are examples of these types of legislation.', 'For many years, the standard for protection and treatment of that data was benchmarked by privacy and security provisions of the federal GrammLeachBliley Act of 1999 (GLBA) and in the Health Insurance Portability and Accountability Act of 1996 (HIPAA).', ""Personally identifiable information is used in support of many of the Company's business processes.""]","In the absence of a comprehensive federal privacy law, many States are making a push towards privacy legislation. <b>Personally identifiable information is used in support of many of the Company's business processes.[r.4]</b> <b>For many years, the standard for protection and treatment of that data was benchmarked by privacy and security provisions of the federal GrammLeachBliley Act of 1999 (GLBA) and in the Health Insurance Portability and Accountability Act of 1996 (HIPAA).[r.3]</b> <b>As consumers have grown more concerned about the protection of their data, as well as how their data is used by an organization, many jurisdictions within and outside of the U.S. have created legislation and issued regulations that apply or may in the future apply to 8 aspects of Aflac U.S. operations and allow consumers the right to access, correct, delete and the right to opt out of sales or use of their data.[r.1]</b> The https//sec.report/Document/000000497722000058/ 11/256 10/12/22, 135 PM Item 1. <b>Business Aﬂac Inc 2021 Annual Report 10K California Consumer Privacy Act (CCPA), the California Privacy Rights Act (CPRA), the UK General Data Protection Regulation (UK GDPR), the UK Data Protection Act of 2018 (DPA Act) and most recently the Virginia Consumer Data Privacy Act (CDPA) and the Colorado Privacy Act (CPA), which both go into effect in 2023, are examples of these types of legislation.[r.2]</b>","[3.62, 92.49, 3.89]",positive,"[99.97, 0.02, 0.01]",neutral,"[77.7, 7.39, 14.91]",neutral
Social. Community. Human rights. Product responsibility. Responsible marketing. Product quality. Data privacy. Workforce. Diversity and inclusion. Career development and training. Working conditions. Health and safety ,76.21,7,"The Patient Protection and Affordable Care Act and the Heath Care and Education Reconciliation Act of 2010 (collectively, the ACA), federal health care reform legislation, gave the U.S. federal government direct regulatory authority over the business of health insurance. The ACA, as enacted, does not require material changes in the design of the Company's insurance products. However, indirect consequences of, or changes to, the legislation and regulations could present challenges that could potentially have an impact on the Company's sales model, financial condition and results of operations. Certain provisions of the ACA have been and may continue to be subject to challenge through litigation, the ultimate effects of which on the ACA are uncertain. See the risk factor entitled, ""Extensive regulation and changes in legislation can impact profitability and growth"" for more information.","['The Patient Protection and Affordable Care Act and the Heath Care and Education Reconciliation Act of 2010 (collectively, the ACA), federal health care reform legislation, gave the U.S. federal government direct regulatory authority over the business of health insurance.', 'See the risk factor entitled, ""Extensive regulation and changes in legislation can impact profitability and growth"" for more information.', ""However, indirect consequences of, or changes to, the legislation and regulations could present challenges that could potentially have an impact on the Company's sales model, financial condition and results of operations.""]","<b>The Patient Protection and Affordable Care Act and the Heath Care and Education Reconciliation Act of 2010 (collectively, the ACA), federal health care reform legislation, gave the U.S. federal government direct regulatory authority over the business of health insurance.[r.1]</b> The ACA, as enacted, does not require material changes in the design of the Company's insurance products. <b>However, indirect consequences of, or changes to, the legislation and regulations could present challenges that could potentially have an impact on the Company's sales model, financial condition and results of operations.[r.3]</b> Certain provisions of the ACA have been and may continue to be subject to challenge through litigation, the ultimate effects of which on the ACA are uncertain. <b>See the risk factor entitled, ""Extensive regulation and changes in legislation can impact profitability and growth"" for more information.[r.2]</b>","[23.28, 73.57, 3.16]",positive,"[55.61, 0.34, 44.05]",neutral,"[69.83, 5.21, 24.96]",neutral
Social. Community. Human rights. Product responsibility. Responsible marketing. Product quality. Data privacy. Workforce. Diversity and inclusion. Career development and training. Working conditions. Health and safety ,75.53,11,"Cybersecurity continues to be an area of evolving focus for legislation and regulatory activity. Industry regulators as well as the federal government have updated existing standards and increased their focus on enforcement. For example, the National Institute of Standards and Technology (NIST) issued enhanced security guidelines of the software supply chain and New York Department of Financial Services (NYDFS) published increased security guidelines related to ransomware.","['Industry regulators as well as the federal government have updated existing standards and increased their focus on enforcement.', 'For example, the National Institute of Standards and Technology (NIST) issued enhanced security guidelines of the software supply chain and New York Department of Financial Services (NYDFS) published increased security guidelines related to ransomware.', 'Cybersecurity continues to be an area of evolving focus for legislation and regulatory activity.']","<b>Cybersecurity continues to be an area of evolving focus for legislation and regulatory activity.[r.3]</b> <b>Industry regulators as well as the federal government have updated existing standards and increased their focus on enforcement.[r.1]</b> <b>For example, the National Institute of Standards and Technology (NIST) issued enhanced security guidelines of the software supply chain and New York Department of Financial Services (NYDFS) published increased security guidelines related to ransomware.[r.2]</b>","[1.9, 41.8, 56.31]",negative,"[0.59, 99.38, 0.03]",positive,"[71.4, 26.58, 2.02]",neutral
Social. Community. Human rights. Product responsibility. Responsible marketing. Product quality. Data privacy. Workforce. Diversity and inclusion. Career development and training. Working conditions. Health and safety ,74.76,24,"Aflac U.S. policy sales, enrollment and agent recruiting functions are highly dependent upon facetoface interaction between independent agents and brokers with prospective and new customers and agents. Throughout the pandemic, opportunities for such interaction have been significantly reduced by reactions to the pandemic, such as social distancing, shelter in place orders and work from home initiatives. Notwithstanding the general improvement of economic conditions to date, the impact of pandemic conditions on Aflac U.S. sales remains subject to uncertainty as the effects of varying levels of vaccination and the emergence of COVID19 variants continue to develop. Aflac U.S. has accelerated investments in digital initiatives designed to improve long term productivity, efficiency and customer service. Further, Aflac U.S. is in its third year of the buildout of its business in the Consumer Markets channel for the digital directtoconsumer sale of insurance and sales made through that platform have continued to grow.","['Aflac U.S. has accelerated investments in digital initiatives designed to improve long term productivity, efficiency and customer service.', 'Throughout the pandemic, opportunities for such interaction have been significantly reduced by reactions to the pandemic, such as social distancing, shelter in place orders and work from home initiatives.', 'Aflac U.S. policy sales, enrollment and agent recruiting functions are highly dependent upon facetoface interaction between independent agents and brokers with prospective and new customers and agents.']","<b>Aflac U.S. policy sales, enrollment and agent recruiting functions are highly dependent upon facetoface interaction between independent agents and brokers with prospective and new customers and agents.[r.3]</b> <b>Throughout the pandemic, opportunities for such interaction have been significantly reduced by reactions to the pandemic, such as social distancing, shelter in place orders and work from home initiatives.[r.2]</b> Notwithstanding the general improvement of economic conditions to date, the impact of pandemic conditions on Aflac U.S. sales remains subject to uncertainty as the effects of varying levels of vaccination and the emergence of COVID19 variants continue to develop. <b>Aflac U.S. has accelerated investments in digital initiatives designed to improve long term productivity, efficiency and customer service.[r.1]</b> Further, Aflac U.S. is in its third year of the buildout of its business in the Consumer Markets channel for the digital directtoconsumer sale of insurance and sales made through that platform have continued to grow.","[2.39, 10.26, 87.35]",negative,"[0.01, 99.96, 0.03]",positive,"[46.73, 51.74, 1.53]",positive
Social. Community. Human rights. Product responsibility. Responsible marketing. Product quality. Data privacy. Workforce. Diversity and inclusion. Career development and training. Working conditions. Health and safety ,73.9,20,"The Company's investment portfolio was wellpositioned entering the crisis, and the Company continues to follow its strategy of investing primarily in fixed maturity securities to generate a reliable stream of income. Fundamental credit analysis and actively managing the risk profile of the portfolio contributed to the current quality of the Company’s investments. Economic and market conditions have continued to improve since the onset of the pandemic. The continued path of the recovery remains uncertain given the potential longer term impacts of the pandemic. This includes structural changes in employment patterns which are impacting multiple sectors of the economy and contributing to disruptions in the global supply chain, triggering price increases across several areas of the broader economy. Supply shortages, upward pressure on wages to attract employees and higher commodity prices have all driven nearterm increases in inflation. It remains unclear whether the current elevated levels of inflation are transitory or more lasting, making the ultimate impact on the global economy and markets uncertain, with resulting uncertainty as to the impact on the Company's investments.","['Fundamental credit analysis and actively managing the risk profile of the portfolio contributed to the current quality of the Company’s investments.', 'This includes structural changes in employment patterns which are impacting multiple sectors of the economy and contributing to disruptions in the global supply chain, triggering price increases across several areas of the broader economy.']","The Company's investment portfolio was wellpositioned entering the crisis, and the Company continues to follow its strategy of investing primarily in fixed maturity securities to generate a reliable stream of income. <b>Fundamental credit analysis and actively managing the risk profile of the portfolio contributed to the current quality of the Company’s investments.[r.1]</b> Economic and market conditions have continued to improve since the onset of the pandemic. The continued path of the recovery remains uncertain given the potential longer term impacts of the pandemic. <b>This includes structural changes in employment patterns which are impacting multiple sectors of the economy and contributing to disruptions in the global supply chain, triggering price increases across several areas of the broader economy.[r.2]</b> Supply shortages, upward pressure on wages to attract employees and higher commodity prices have all driven nearterm increases in inflation. It remains unclear whether the current elevated levels of inflation are transitory or more lasting, making the ultimate impact on the global economy and markets uncertain, with resulting uncertainty as to the impact on the Company's investments.","[86.28, 6.33, 7.39]",neutral,"[0.02, 99.92, 0.06]",positive,"[67.27, 14.01, 18.72]",neutral
Social. Community. Human rights. Product responsibility. Responsible marketing. Product quality. Data privacy. Workforce. Diversity and inclusion. Career development and training. Working conditions. Health and safety ,73.81,13,"As of December 31, 2021, 49% of Aflac U.S. and the Parent Company employees located in the U.S. were people of color and 66% were women. Women also occupied 49% of leadership roles located in the U.S. and 28% of senior management roles. In 2021, 64% of new hires located in the U.S. were people of color and 76% were women.","['As of December 31, 2021, 49% of Aflac U.S. and the Parent Company employees located in the U.S. were people of color and 66% were women.', 'Women also occupied 49% of leadership roles located in the U.S. and 28% of senior management roles.', 'In 2021, 64% of new hires located in the U.S. were people of color and 76% were women.']","<b>As of December 31, 2021, 49% of Aflac U.S. and the Parent Company employees located in the U.S. were people of color and 66% were women.[r.1]</b> <b>Women also occupied 49% of leadership roles located in the U.S. and 28% of senior management roles.[r.2]</b> <b>In 2021, 64% of new hires located in the U.S. were people of color and 76% were women.[r.3]</b>","[7.79, 89.84, 2.38]",positive,"[99.99, 0.0, 0.01]",neutral,"[86.08, 11.5, 2.42]",neutral
Social. Community. Human rights. Product responsibility. Responsible marketing. Product quality. Data privacy. Workforce. Diversity and inclusion. Career development and training. Working conditions. Health and safety ,73.48,8,"DoddFrank Act   Title VII of the DoddFrank Wall Street Reform and Consumer Protection Act of 2010 (DoddFrank) and regulations issued thereunder, in particular rules to require central clearing for certain types of derivatives, may have an impact on the Company's derivative activity, including activity on behalf of Aflac Japan.","[""DoddFrank Act   Title VII of the DoddFrank Wall Street Reform and Consumer Protection Act of 2010 (DoddFrank) and regulations issued thereunder, in particular rules to require central clearing for certain types of derivatives, may have an impact on the Company's derivative activity, including activity on behalf of Aflac Japan.""]","<b>DoddFrank Act   Title VII of the DoddFrank Wall Street Reform and Consumer Protection Act of 2010 (DoddFrank) and regulations issued thereunder, in particular rules to require central clearing for certain types of derivatives, may have an impact on the Company's derivative activity, including activity on behalf of Aflac Japan.[r.1]</b>","[61.75, 36.6, 1.64]",neutral,"[99.97, 0.01, 0.02]",neutral,"[81.51, 3.68, 14.81]",neutral
Social. Community. Human rights. Product responsibility. Responsible marketing. Product quality. Data privacy. Workforce. Diversity and inclusion. Career development and training. Working conditions. Health and safety ,73.45,181,"Notice of Grant provided that (i) the shares shall vest immediately upon the death or Disability of the Participant while employed by the Company or any Affiliate, and (ii) in the event of the Participant’s Retirement then (A) any servicebased vesting requirement shall be deemed fully satisfied if such Restricted Stock Award was made at least one full year prior to such termination of employment and (B) to the extent performance vesting goals are established in respect of the shares, any shares as to which the restrictions on transferability shall not already have lapsed shall not be forfeited unless and until it shall have been determined by the Committee that any such performance vesting goals will not be attained. For the purposes of this Paragraph D, Disability means a physical or mental condition that qualifies the Grantee for longterm disability benefits under a longterm disability plan maintained by the Company or an Affiliate employing the Grantee. For the purposes of this Paragraph D, Retirement means voluntary termination of employment with the Company and all Affiliates after (i) attaining age 65, (ii) qualifying for Rule of 80 retirement (combined age and years of service totaling 80), or (iii) attaining age 55 and completing 15 Years of Service. For purposes of this Paragraph D, Years of Service means a Participant’s complete 12month periods of continuous employment (excluding any periods in which the Participant incurs a break in service) with the Company and its Affiliates. A Participant’s Years of Service shall include employment by a predecessor employer whose stock or substantially all of whose assets are acquired by the Company, as determined by the Committee or its designee. Upon vesting, as described above in this Paragraph D, and within thirty (30) days thereafter, the shares shall be released (paid) to the Participant free of the restrictions described in this Agreement. https//sec.report/Document/000000497722000058/ 238/256 10/12/22, 135 PM Aﬂac Inc 2021 Annual Report 10K E.Miscellaneous. 1.Book Entry. Until the restrictions on transfer have lapsed, the shares shall be held in bookentry form by the Company, as nominee for all Participants. A copy of the Plan and Agreement is on file in the office of the Secretary of Aflac Incorporated, 1932 Wynnton Road, Columbus, GA 31999.","['A Participant’s Years of Service shall include employment by a predecessor employer whose stock or substantially all of whose assets are acquired by the Company, as determined by the Committee or its designee.', 'For the purposes of this Paragraph D, Retirement means voluntary termination of employment with the Company and all Affiliates after (i) attaining age 65, (ii) qualifying for Rule of 80 retirement (combined age and years of service totaling 80), or (iii) attaining age 55 and completing 15 Years of Service.', 'For purposes of this Paragraph D, Years of Service means a Participant’s complete 12month periods of continuous employment (excluding any periods in which the Participant incurs a break in service) with the Company and its Affiliates.', 'Notice of Grant provided that (i) the shares shall vest immediately upon the death or Disability of the Participant while employed by the Company or any Affiliate, and (ii) in the event of the Participant’s Retirement then (A) any servicebased vesting requirement shall be deemed fully satisfied if such Restricted Stock Award was made at least one full year prior to such termination of employment and (B) to the extent performance vesting goals are established in respect of the shares, any shares as to which the restrictions on transferability shall not already have lapsed shall not be forfeited unless and until it shall have been determined by the Committee that any such performance vesting goals will not be attained.', 'For the purposes of this Paragraph D, Disability means a physical or mental condition that qualifies the Grantee for longterm disability benefits under a longterm disability plan maintained by the Company or an Affiliate employing the Grantee.']","<b>Notice of Grant provided that (i) the shares shall vest immediately upon the death or Disability of the Participant while employed by the Company or any Affiliate, and (ii) in the event of the Participant’s Retirement then (A) any servicebased vesting requirement shall be deemed fully satisfied if such Restricted Stock Award was made at least one full year prior to such termination of employment and (B) to the extent performance vesting goals are established in respect of the shares, any shares as to which the restrictions on transferability shall not already have lapsed shall not be forfeited unless and until it shall have been determined by the Committee that any such performance vesting goals will not be attained.[r.4]</b> <b>For the purposes of this Paragraph D, Disability means a physical or mental condition that qualifies the Grantee for longterm disability benefits under a longterm disability plan maintained by the Company or an Affiliate employing the Grantee.[r.5]</b> <b>For the purposes of this Paragraph D, Retirement means voluntary termination of employment with the Company and all Affiliates after (i) attaining age 65, (ii) qualifying for Rule of 80 retirement (combined age and years of service totaling 80), or (iii) attaining age 55 and completing 15 Years of Service.[r.2]</b> <b>For purposes of this Paragraph D, Years of Service means a Participant’s complete 12month periods of continuous employment (excluding any periods in which the Participant incurs a break in service) with the Company and its Affiliates.[r.3]</b> <b>A Participant’s Years of Service shall include employment by a predecessor employer whose stock or substantially all of whose assets are acquired by the Company, as determined by the Committee or its designee.[r.1]</b> Upon vesting, as described above in this Paragraph D, and within thirty (30) days thereafter, the shares shall be released (paid) to the Participant free of the restrictions described in this Agreement. https//sec.report/Document/000000497722000058/ 238/256 10/12/22, 135 PM Aﬂac Inc 2021 Annual Report 10K E.Miscellaneous. 1.Book Entry. Until the restrictions on transfer have lapsed, the shares shall be held in bookentry form by the Company, as nominee for all Participants. A copy of the Plan and Agreement is on file in the office of the Secretary of Aflac Incorporated, 1932 Wynnton Road, Columbus, GA 31999.","[4.87, 93.46, 1.66]",positive,"[99.99, 0.0, 0.01]",neutral,"[82.02, 4.94, 13.04]",neutral
Social. Community. Human rights. Product responsibility. Responsible marketing. Product quality. Data privacy. Workforce. Diversity and inclusion. Career development and training. Working conditions. Health and safety ,73.29,186,"D.Vesting. The shares shall vest as set forth in the Notice of Grant provided that (i) the shares shall vest immediately upon the death or disability (within the meaning of Code Section 422(c)(6)) of the Participant while employed by the Company or any Affiliate, and (ii) in the event of the Participant’s Retirement then (A) any servicebased vesting requirement shall be deemed fully satisfied if such Restricted Stock Award was made at least one full year prior to such termination of employment and (B) to the extent performance vesting goals are established in respect of the shares, any shares as to which the restrictions on transferability shall not already have lapsed shall not be forfeited unless and until it shall have been determined by the Committee that any such performance vesting goals will not be attained. For the purposes of this Paragraph D, Retirement means voluntary termination of employment with the Company and all Affiliates after attaining age 60. Upon vesting, as described above in this Paragraph D, and within thirty (30) days thereafter, the shares shall be released (paid) to the Participant free of the restrictions described in this Agreement.","['The shares shall vest as set forth in the Notice of Grant provided that (i) the shares shall vest immediately upon the death or disability (within the meaning of Code Section 422(c)(6)) of the Participant while employed by the Company or any Affiliate, and (ii) in the event of the Participant’s Retirement then (A) any servicebased vesting requirement shall be deemed fully satisfied if such Restricted Stock Award was made at least one full year prior to such termination of employment and (B) to the extent performance vesting goals are established in respect of the shares, any shares as to which the restrictions on transferability shall not already have lapsed shall not be forfeited unless and until it shall have been determined by the Committee that any such performance vesting goals will not be attained.', 'For the purposes of this Paragraph D, Retirement means voluntary termination of employment with the Company and all Affiliates after attaining age 60.']","D.Vesting. <b>The shares shall vest as set forth in the Notice of Grant provided that (i) the shares shall vest immediately upon the death or disability (within the meaning of Code Section 422(c)(6)) of the Participant while employed by the Company or any Affiliate, and (ii) in the event of the Participant’s Retirement then (A) any servicebased vesting requirement shall be deemed fully satisfied if such Restricted Stock Award was made at least one full year prior to such termination of employment and (B) to the extent performance vesting goals are established in respect of the shares, any shares as to which the restrictions on transferability shall not already have lapsed shall not be forfeited unless and until it shall have been determined by the Committee that any such performance vesting goals will not be attained.[r.1]</b> <b>For the purposes of this Paragraph D, Retirement means voluntary termination of employment with the Company and all Affiliates after attaining age 60.[r.2]</b> Upon vesting, as described above in this Paragraph D, and within thirty (30) days thereafter, the shares shall be released (paid) to the Participant free of the restrictions described in this Agreement.","[3.71, 94.1, 2.18]",positive,"[99.99, 0.01, 0.01]",neutral,"[87.55, 5.98, 6.47]",neutral
Social. Community. Human rights. Product responsibility. Responsible marketing. Product quality. Data privacy. Workforce. Diversity and inclusion. Career development and training. Working conditions. Health and safety ,73.0,30,"MD&A for a definition of this nonU.S. GAAP financial measure.   INDUSTRY TRENDS   The Company is impacted by financial markets, economic conditions, regulatory oversight and a variety of trends that affect the industries where it competes.","['The Company is impacted by financial markets, economic conditions, regulatory oversight and a variety of trends that affect the industries where it competes.']","MD&A for a definition of this nonU.S. GAAP financial measure.   INDUSTRY TRENDS   <b>The Company is impacted by financial markets, economic conditions, regulatory oversight and a variety of trends that affect the industries where it competes.[r.1]</b>","[48.75, 49.27, 1.97]",positive,"[99.99, 0.0, 0.01]",neutral,"[65.52, 3.66, 30.83]",neutral
Social. Community. Human rights. Product responsibility. Responsible marketing. Product quality. Data privacy. Workforce. Diversity and inclusion. Career development and training. Working conditions. Health and safety ,73.0,23,"As of December 31, 2021, over 50% of U.S. employees were working remotely. The Company's return to worksite for U.S. based employees is expected to be a phased approach that begins in the first quarter of 2022, subject to factors including vaccination rates, the return schedule of school systems and the availability of child care, the https//sec.report/Document/000000497722000058/ 36/256 10/12/22, 135 PM Aﬂac Inc 2021 Annual Report 10K Item 7. Management's Discussion and Analysis of Financial Condition and Results of Operations  replication rate, and the emergence of new variants and hospital capacity in areas of the U.S. where the Company has significant operations. For those employees who are working in one of the Company's worksites, safety protocols have been put in place that align with or exceed those recommended by the Centers for Disease Control and Prevention (CDC). After the return to worksite, the Parent Company and Aflac U.S. expect to adopt a workforce model comprised of a mix of full time office employees, full time remote employees, and employees who will split their time between office and remote work. number of COVID–19 cases and the COVID–19 The Parent Company and Aflac U.S. also continue to maintain several actions taken for its employees. These include a commitment to cover the costs of COVID19 testing and extended paid leave in certain circumstances.","[""For those employees who are working in one of the Company's worksites, safety protocols have been put in place that align with or exceed those recommended by the Centers for Disease Control and Prevention (CDC)."", 'After the return to worksite, the Parent Company and Aflac U.S. expect to adopt a workforce model comprised of a mix of full time office employees, full time remote employees, and employees who will split their time between office and remote work.', ""The Company's return to worksite for U.S. based employees is expected to be a phased approach that begins in the first quarter of 2022, subject to factors including vaccination rates, the return schedule of school systems and the availability of child care, the https//sec.report/Document/000000497722000058/ 36/256 10/12/22, 135 PM Aﬂac Inc 2021 Annual Report 10K Item 7."", ""Management's Discussion and Analysis of Financial Condition and Results of Operations  replication rate, and the emergence of new variants and hospital capacity in areas of the U.S. where the Company has significant operations.""]","As of December 31, 2021, over 50% of U.S. employees were working remotely. <b>The Company's return to worksite for U.S. based employees is expected to be a phased approach that begins in the first quarter of 2022, subject to factors including vaccination rates, the return schedule of school systems and the availability of child care, the https//sec.report/Document/000000497722000058/ 36/256 10/12/22, 135 PM Aﬂac Inc 2021 Annual Report 10K Item 7.[r.3]</b> <b>Management's Discussion and Analysis of Financial Condition and Results of Operations  replication rate, and the emergence of new variants and hospital capacity in areas of the U.S. where the Company has significant operations.[r.4]</b> <b>For those employees who are working in one of the Company's worksites, safety protocols have been put in place that align with or exceed those recommended by the Centers for Disease Control and Prevention (CDC).[r.1]</b> <b>After the return to worksite, the Parent Company and Aflac U.S. expect to adopt a workforce model comprised of a mix of full time office employees, full time remote employees, and employees who will split their time between office and remote work.[r.2]</b> number of COVID–19 cases and the COVID–19 The Parent Company and Aflac U.S. also continue to maintain several actions taken for its employees. These include a commitment to cover the costs of COVID19 testing and extended paid leave in certain circumstances.","[1.61, 86.15, 12.24]",positive,"[99.98, 0.01, 0.01]",neutral,"[87.22, 10.3, 2.48]",neutral
Social. Community. Human rights. Product responsibility. Responsible marketing. Product quality. Data privacy. Workforce. Diversity and inclusion. Career development and training. Working conditions. Health and safety ,72.97,14,"Established in 2009, Aflac Heartful Services Co., Ltd. (Aflac Heartful Services), a subsidiary of Aflac Japan, promotes the hiring of employees with disabilities. Aflac Heartful Services has established a barrierfree work environment and provides, among other things, specialized training, specially trained supervisors and development opportunities to support those with disabilities. Of Aflac Heartful Services’ 145 employees as of December 31, 2021, 116 have a disability. Aflac Heartful Services supports these employees with the assistance of advisors for longterm career support.   10 https//sec.report/Document/000000497722000058/ 13/256 10/12/22, 135 PM Item 1. Business Aﬂac Inc 2021 Annual Report 10K Both Aflac Japan and Aflac U.S. have created diversity councils that include employees from various levels that meet regularly to discuss activities and initiatives. The councils are designed to create avenues in which employees can communicate and appreciate one another’s cultural differences.","['Aflac Heartful Services has established a barrierfree work environment and provides, among other things, specialized training, specially trained supervisors and development opportunities to support those with disabilities.', 'The councils are designed to create avenues in which employees can communicate and appreciate one another’s cultural differences.', 'Of Aflac Heartful Services’ 145 employees as of December 31, 2021, 116 have a disability.', 'Business Aﬂac Inc 2021 Annual Report 10K Both Aflac Japan and Aflac U.S. have created diversity councils that include employees from various levels that meet regularly to discuss activities and initiatives.', 'Aflac Heartful Services supports these employees with the assistance of advisors for longterm career support.   ']","Established in 2009, Aflac Heartful Services Co., Ltd. (Aflac Heartful Services), a subsidiary of Aflac Japan, promotes the hiring of employees with disabilities. <b>Aflac Heartful Services has established a barrierfree work environment and provides, among other things, specialized training, specially trained supervisors and development opportunities to support those with disabilities.[r.1]</b> <b>Of Aflac Heartful Services’ 145 employees as of December 31, 2021, 116 have a disability.[r.3]</b> <b>Aflac Heartful Services supports these employees with the assistance of advisors for longterm career support.   [r.5]</b>10 https//sec.report/Document/000000497722000058/ 13/256 10/12/22, 135 PM Item 1. <b>Business Aﬂac Inc 2021 Annual Report 10K Both Aflac Japan and Aflac U.S. have created diversity councils that include employees from various levels that meet regularly to discuss activities and initiatives.[r.4]</b> <b>The councils are designed to create avenues in which employees can communicate and appreciate one another’s cultural differences.[r.2]</b>","[1.86, 93.19, 4.95]",positive,"[99.99, 0.01, 0.01]",neutral,"[63.45, 34.45, 2.1]",neutral
Social. Community. Human rights. Product responsibility. Responsible marketing. Product quality. Data privacy. Workforce. Diversity and inclusion. Career development and training. Working conditions. Health and safety ,72.95,185,"Transfer. Until the restrictions on transfer of the shares lapse as provided in Paragraph D below, or as otherwise provided in the Plan, no transfer of the shares or any of the Participant’s rights with respect to such shares, whether voluntary or involuntary, by operation of law or otherwise, shall be permitted.  Company and all of its Affiliates, any shares as to which the restrictions on transferability shall not already have lapsed pursuant to Paragraph D C.Forfeiture. Except as otherwise provided in Paragraph D below, upon termination of the Participant’s employment with the below, or as otherwise provided in the Plan, shall be immediately forfeited by the Participant and transferred to, and reacquired by, the Company without consideration of any kind. In the case of a Participant who served as a nonemployee sales associate of an Affiliate of the Company immediately before becoming an employee, if such Participant voluntarily terminates employment with the Company or an Affiliate but continues immediately thereafter to perform bona fide services for an Affiliate as a sales associate, the Participant shall be treated as continuing employment with the Company or an Affiliate for purposes of this Agreement. If the Committee or its delegate determines, in its sole discretion, that such a Participant is no longer providing bona fide services to an Affiliate as a sales associate, the Participant shall be deemed to have terminated employment for purposes of this Agreement on the date as of which such services are determined to have ceased. The Committee may require the Participant to provide such evidence of continuing services as it deems appropriate. The Committee may establish policies and procedures to be followed by the Committee or its delegate in determining whether a Participant is providing bona fide services as a sales associate, and such policies (including any amendments or modifications thereto) shall be considered part of this Agreement and shall be binding on the Participant.","['The Committee may establish policies and procedures to be followed by the Committee or its delegate in determining whether a Participant is providing bona fide services as a sales associate, and such policies (including any amendments or modifications thereto) shall be considered part of this Agreement and shall be binding on the Participant.', 'Except as otherwise provided in Paragraph D below, upon termination of the Participant’s employment with the below, or as otherwise provided in the Plan, shall be immediately forfeited by the Participant and transferred to, and reacquired by, the Company without consideration of any kind.', 'In the case of a Participant who served as a nonemployee sales associate of an Affiliate of the Company immediately before becoming an employee, if such Participant voluntarily terminates employment with the Company or an Affiliate but continues immediately thereafter to perform bona fide services for an Affiliate as a sales associate, the Participant shall be treated as continuing employment with the Company or an Affiliate for purposes of this Agreement.', 'If the Committee or its delegate determines, in its sole discretion, that such a Participant is no longer providing bona fide services to an Affiliate as a sales associate, the Participant shall be deemed to have terminated employment for purposes of this Agreement on the date as of which such services are determined to have ceased.', 'The Committee may require the Participant to provide such evidence of continuing services as it deems appropriate.', 'Company and all of its Affiliates, any shares as to which the restrictions on transferability shall not already have lapsed pursuant to Paragraph D C.Forfeiture.']","Transfer. Until the restrictions on transfer of the shares lapse as provided in Paragraph D below, or as otherwise provided in the Plan, no transfer of the shares or any of the Participant’s rights with respect to such shares, whether voluntary or involuntary, by operation of law or otherwise, shall be permitted.  <b>Company and all of its Affiliates, any shares as to which the restrictions on transferability shall not already have lapsed pursuant to Paragraph D C.Forfeiture.[r.6]</b> <b>Except as otherwise provided in Paragraph D below, upon termination of the Participant’s employment with the below, or as otherwise provided in the Plan, shall be immediately forfeited by the Participant and transferred to, and reacquired by, the Company without consideration of any kind.[r.2]</b> <b>In the case of a Participant who served as a nonemployee sales associate of an Affiliate of the Company immediately before becoming an employee, if such Participant voluntarily terminates employment with the Company or an Affiliate but continues immediately thereafter to perform bona fide services for an Affiliate as a sales associate, the Participant shall be treated as continuing employment with the Company or an Affiliate for purposes of this Agreement.[r.3]</b> <b>If the Committee or its delegate determines, in its sole discretion, that such a Participant is no longer providing bona fide services to an Affiliate as a sales associate, the Participant shall be deemed to have terminated employment for purposes of this Agreement on the date as of which such services are determined to have ceased.[r.4]</b> <b>The Committee may require the Participant to provide such evidence of continuing services as it deems appropriate.[r.5]</b> <b>The Committee may establish policies and procedures to be followed by the Committee or its delegate in determining whether a Participant is providing bona fide services as a sales associate, and such policies (including any amendments or modifications thereto) shall be considered part of this Agreement and shall be binding on the Participant.[r.1]</b>","[8.5, 89.48, 2.03]",positive,"[99.96, 0.01, 0.03]",neutral,"[81.44, 3.63, 14.93]",neutral
Social. Community. Human rights. Product responsibility. Responsible marketing. Product quality. Data privacy. Workforce. Diversity and inclusion. Career development and training. Working conditions. Health and safety ,72.82,163,"Consent of independent registered public accounting firm, KPMG LLP, to Form S8 Registration Statement Nos. 333135327, 333161269, 333202781, and 333245702 with respect to the Aflac Incorporated Executive Deferred Compensation Plan.","['Consent of independent registered public accounting firm, KPMG LLP, to Form S8 Registration Statement Nos. 333135327, 333161269, 333202781, and 333245702 with respect to the Aflac Incorporated Executive Deferred Compensation Plan.']","<b>Consent of independent registered public accounting firm, KPMG LLP, to Form S8 Registration Statement Nos. 333135327, 333161269, 333202781, and 333245702 with respect to the Aflac Incorporated Executive Deferred Compensation Plan.[r.1]</b>","[2.39, 93.2, 4.41]",positive,"[99.99, 0.0, 0.01]",neutral,"[93.78, 3.3, 2.92]",neutral
Social. Community. Human rights. Product responsibility. Responsible marketing. Product quality. Data privacy. Workforce. Diversity and inclusion. Career development and training. Working conditions. Health and safety ,72.81,180,"C.Forfeiture. Except as otherwise provided in Paragraph D below, upon termination of the Participant’s employment with the Company and all of its Affiliates, any shares as to which the restrictions on transferability shall not already have lapsed pursuant to Paragraph D below, or as otherwise provided in the Plan, shall be immediately forfeited by the Participant and transferred to, and reacquired by, the Company without consideration of any kind. In the case of a Participant who served as a nonemployee sales associate of an Affiliate of the Company immediately before becoming an employee, if such Participant voluntarily terminates employment with the Company or an Affiliate but continues immediately thereafter to perform bona fide services for an Affiliate as a sales associate, the Participant shall be treated as continuing employment with the Company or an Affiliate for purposes of this Agreement. If the Committee or its delegate determines, in its sole discretion, that such a Participant is no longer providing bona fide services to an Affiliate as a sales associate, the Participant shall be deemed to have terminated employment for purposes of this Agreement on the date as of which such services are determined to have ceased. The Committee may require the Participant to provide such evidence of continuing services as it deems appropriate. The Committee may establish policies and procedures to be followed by the Committee or its delegate in determining whether a Participant is providing bona fide services as a sales associate, and such policies (including any amendments or modifications thereto) shall be considered part of this Agreement and shall be binding on the Participant.","['The Committee may establish policies and procedures to be followed by the Committee or its delegate in determining whether a Participant is providing bona fide services as a sales associate, and such policies (including any amendments or modifications thereto) shall be considered part of this Agreement and shall be binding on the Participant.', 'Except as otherwise provided in Paragraph D below, upon termination of the Participant’s employment with the Company and all of its Affiliates, any shares as to which the restrictions on transferability shall not already have lapsed pursuant to Paragraph D below, or as otherwise provided in the Plan, shall be immediately forfeited by the Participant and transferred to, and reacquired by, the Company without consideration of any kind.', 'In the case of a Participant who served as a nonemployee sales associate of an Affiliate of the Company immediately before becoming an employee, if such Participant voluntarily terminates employment with the Company or an Affiliate but continues immediately thereafter to perform bona fide services for an Affiliate as a sales associate, the Participant shall be treated as continuing employment with the Company or an Affiliate for purposes of this Agreement.', 'If the Committee or its delegate determines, in its sole discretion, that such a Participant is no longer providing bona fide services to an Affiliate as a sales associate, the Participant shall be deemed to have terminated employment for purposes of this Agreement on the date as of which such services are determined to have ceased.', 'The Committee may require the Participant to provide such evidence of continuing services as it deems appropriate.']","C.Forfeiture. <b>Except as otherwise provided in Paragraph D below, upon termination of the Participant’s employment with the Company and all of its Affiliates, any shares as to which the restrictions on transferability shall not already have lapsed pursuant to Paragraph D below, or as otherwise provided in the Plan, shall be immediately forfeited by the Participant and transferred to, and reacquired by, the Company without consideration of any kind.[r.2]</b> <b>In the case of a Participant who served as a nonemployee sales associate of an Affiliate of the Company immediately before becoming an employee, if such Participant voluntarily terminates employment with the Company or an Affiliate but continues immediately thereafter to perform bona fide services for an Affiliate as a sales associate, the Participant shall be treated as continuing employment with the Company or an Affiliate for purposes of this Agreement.[r.3]</b> <b>If the Committee or its delegate determines, in its sole discretion, that such a Participant is no longer providing bona fide services to an Affiliate as a sales associate, the Participant shall be deemed to have terminated employment for purposes of this Agreement on the date as of which such services are determined to have ceased.[r.4]</b> <b>The Committee may require the Participant to provide such evidence of continuing services as it deems appropriate.[r.5]</b> <b>The Committee may establish policies and procedures to be followed by the Committee or its delegate in determining whether a Participant is providing bona fide services as a sales associate, and such policies (including any amendments or modifications thereto) shall be considered part of this Agreement and shall be binding on the Participant.[r.1]</b>","[11.09, 86.83, 2.08]",positive,"[99.94, 0.01, 0.05]",neutral,"[82.12, 3.58, 14.31]",neutral
Social. Community. Human rights. Product responsibility. Responsible marketing. Product quality. Data privacy. Workforce. Diversity and inclusion. Career development and training. Working conditions. Health and safety ,72.01,22,"Aflac Japan remains focused on generating new business from existing and prospective customers through direct mail and digital methods. Aflac Japan has also accelerated investments in digital and paperless initiatives designed to increase long term productivity, efficiency, customer service and business continuity.","['Aflac Japan has also accelerated investments in digital and paperless initiatives designed to increase long term productivity, efficiency, customer service and business continuity.']","Aflac Japan remains focused on generating new business from existing and prospective customers through direct mail and digital methods. <b>Aflac Japan has also accelerated investments in digital and paperless initiatives designed to increase long term productivity, efficiency, customer service and business continuity.[r.1]</b>","[0.71, 10.75, 88.54]",negative,"[0.02, 99.97, 0.02]",positive,"[19.82, 79.94, 0.24]",positive
Social. Community. Human rights. Product responsibility. Responsible marketing. Product quality. Data privacy. Workforce. Diversity and inclusion. Career development and training. Working conditions. Health and safety ,71.89,183,"Company) ParticipantName This Employee Restricted Stock Award Agreement (the Agreement) is made effective as of GrantDate, by and between the Company and ParticipantName (the Participant), subject to the terms and conditions of this Agreement, the attached Notice of Grant of Restricted Stock (the Notice of Grant), which forms a part hereof, and the Aflac Incorporated LongTerm Incentive Plan (as Amended and Restated February 14, 2017) (the Plan).","['This Employee Restricted Stock Award Agreement (the Agreement) is made effective as of GrantDate, by and between the Company and ParticipantName (the Participant), subject to the terms and conditions of this Agreement, the attached Notice of Grant of Restricted Stock (the Notice of Grant), which forms a part hereof, and the Aflac Incorporated LongTerm Incentive Plan (as Amended and Restated February 14, 2017) (the Plan).']","Company) ParticipantName <b>This Employee Restricted Stock Award Agreement (the Agreement) is made effective as of GrantDate, by and between the Company and ParticipantName (the Participant), subject to the terms and conditions of this Agreement, the attached Notice of Grant of Restricted Stock (the Notice of Grant), which forms a part hereof, and the Aflac Incorporated LongTerm Incentive Plan (as Amended and Restated February 14, 2017) (the Plan).[r.1]</b>","[2.04, 94.92, 3.04]",positive,"[99.99, 0.0, 0.01]",neutral,"[93.27, 4.25, 2.48]",neutral
Social. Community. Human rights. Product responsibility. Responsible marketing. Product quality. Data privacy. Workforce. Diversity and inclusion. Career development and training. Working conditions. Health and safety ,71.81,90,Beneficial Ownership of the Company's Securities Security Ownership of Directors Election of Directors (Proposal 1) Security Ownership of Management and Equity Compensation Plan Information ITEM 13.,"[""Beneficial Ownership of the Company's Securities Security Ownership of Directors Election of Directors (Proposal 1) Security Ownership of Management and Equity Compensation Plan Information ITEM 13.""]",<b>Beneficial Ownership of the Company's Securities Security Ownership of Directors Election of Directors (Proposal 1) Security Ownership of Management and Equity Compensation Plan Information ITEM 13.[r.1]</b>,"[2.5, 95.11, 2.39]",positive,"[99.99, 0.0, 0.01]",neutral,"[89.53, 2.57, 7.9]",neutral
Social. Community. Human rights. Product responsibility. Responsible marketing. Product quality. Data privacy. Workforce. Diversity and inclusion. Career development and training. Working conditions. Health and safety ,71.63,5,Protection of Personal Information (APPI) and guidelines issued by FSA and other governmental authorities. The FSA updated its guidelines regarding cybersecurity in October 2018.,['Protection of Personal Information (APPI) and guidelines issued by FSA and other governmental authorities.'],<b>Protection of Personal Information (APPI) and guidelines issued by FSA and other governmental authorities.[r.1]</b> The FSA updated its guidelines regarding cybersecurity in October 2018.,"[2.22, 93.99, 3.79]",positive,"[99.99, 0.01, 0.01]",neutral,"[89.51, 8.9, 1.59]",neutral
Social. Community. Human rights. Product responsibility. Responsible marketing. Product quality. Data privacy. Workforce. Diversity and inclusion. Career development and training. Working conditions. Health and safety ,71.5,61,"The growth of the future policy benefits liability in yen for Aflac Japan and in dollars for Aflac U.S. has been due to the aging of the Company's inforce block of business and the addition of new business.   The following table summarizes certain significant assumptions made in establishing reserves for the Company's products and the net impact that could result from changes in these assumptions should they occur. Under U.S. GAAP, the Company's reserves for its limited pay and long duration contracts are primarily calculated using lockedin assumptions. As such, the adverse hypothetical impacts illustrated in the table below are those that would increase the Company's best estimate reserves, but would not result in a premium deficiency requiring strengthening of reserves or writeoff of DAC. The favorable hypothetical impacts in the table below would decrease the Company's best estimate reserves but they would not result in an immediate decrease to its U.S. GAAP reserves (given that the Company would be required to leave the current assumptions locked in) rather, the positive impacts would be recognized in net earnings over the life of the policies in force.   The information below is for illustrative purposes and includes the impacts of changes in a single assumption and not changes in any combination of assumptions. As a result of emerging experience, changes in current assumptions and the related impact that could result in the listed financial statement balances that are in excess of the amounts illustrated may occur in future periods.","[""The following table summarizes certain significant assumptions made in establishing reserves for the Company's products and the net impact that could result from changes in these assumptions should they occur."", 'As a result of emerging experience, changes in current assumptions and the related impact that could result in the listed financial statement balances that are in excess of the amounts illustrated may occur in future periods.', ""The favorable hypothetical impacts in the table below would decrease the Company's best estimate reserves but they would not result in an immediate decrease to its U.S. GAAP reserves (given that the Company would be required to leave the current assumptions locked in) rather, the positive impacts would be recognized in net earnings over the life of the policies in force.   ""]","The growth of the future policy benefits liability in yen for Aflac Japan and in dollars for Aflac U.S. has been due to the aging of the Company's inforce block of business and the addition of new business.   <b>The following table summarizes certain significant assumptions made in establishing reserves for the Company's products and the net impact that could result from changes in these assumptions should they occur.[r.1]</b> Under U.S. GAAP, the Company's reserves for its limited pay and long duration contracts are primarily calculated using lockedin assumptions. As such, the adverse hypothetical impacts illustrated in the table below are those that would increase the Company's best estimate reserves, but would not result in a premium deficiency requiring strengthening of reserves or writeoff of DAC. <b>The favorable hypothetical impacts in the table below would decrease the Company's best estimate reserves but they would not result in an immediate decrease to its U.S. GAAP reserves (given that the Company would be required to leave the current assumptions locked in) rather, the positive impacts would be recognized in net earnings over the life of the policies in force.   [r.3]</b>The information below is for illustrative purposes and includes the impacts of changes in a single assumption and not changes in any combination of assumptions. <b>As a result of emerging experience, changes in current assumptions and the related impact that could result in the listed financial statement balances that are in excess of the amounts illustrated may occur in future periods.[r.2]</b>","[10.02, 83.92, 6.06]",positive,"[0.04, 99.93, 0.03]",positive,"[76.75, 9.86, 13.39]",neutral
Social. Community. Human rights. Product responsibility. Responsible marketing. Product quality. Data privacy. Workforce. Diversity and inclusion. Career development and training. Working conditions. Health and safety ,71.47,0,"Securities registered pursuant to Section 12(g) of the Act    None Indicate by check mark if the registrant is a wellknown seasoned issuer, as defined in Rule 405 of the Securities Act.     Yes      No Indicate by check mark if the registrant is not required to file reports pursuant to Section 13 or Section 15(d) of the Act.      Yes      No Indicate by check mark whether the registrant (1) has filed all reports required to be filed by Section 13 or 15(d) of the Securities Exchange Act of 1934 during the preceding 12 months (or for such shorter period that the registrant was required to file such reports), and (2) has been subject to such filing requirements for the past 90 days.              Yes    No Indicate by check mark whether the registrant has submitted electronically every Interactive Data File required to be submitted pursuant to Rule 405 of Regulation ST (Section 232.405 of this chapter) during the preceding 12 months (or for such shorter period that the registrant was required to submit such files).      Yes    No Indicate by check mark whether the registrant is a large accelerated filer, an accelerated filer, a nonaccelerated filer, a smaller reporting company, or an emerging growth company. See the definitions of large accelerated filer, accelerated filer, smaller reporting company, and ""emerging growth company"" in Rule 12b2 of the Exchange Act.","['See the definitions of large accelerated filer, accelerated filer, smaller reporting company, and ""emerging growth company"" in Rule 12b2 of the Exchange Act.', 'No Indicate by check mark whether the registrant (1) has filed all reports required to be filed by Section 13 or 15(d) of the Securities Exchange Act of 1934 during the preceding 12 months (or for such shorter period that the registrant was required to file such reports), and (2) has been subject to such filing requirements for the past 90 days.            ', 'Yes  \uf0a8  No Indicate by check mark whether the registrant has submitted electronically every Interactive Data File required to be submitted pursuant to Rule 405 of Regulation ST (Section 232.405 of this chapter) during the preceding 12 months (or for such shorter period that the registrant was required to submit such files).']","Securities registered pursuant to Section 12(g) of the Act    None Indicate by check mark if the registrant is a wellknown seasoned issuer, as defined in Rule 405 of the Securities Act.     Yes      No Indicate by check mark if the registrant is not required to file reports pursuant to Section 13 or Section 15(d) of the Act.      Yes      <b>No Indicate by check mark whether the registrant (1) has filed all reports required to be filed by Section 13 or 15(d) of the Securities Exchange Act of 1934 during the preceding 12 months (or for such shorter period that the registrant was required to file such reports), and (2) has been subject to such filing requirements for the past 90 days.            [r.2]</b>  <b>Yes    No Indicate by check mark whether the registrant has submitted electronically every Interactive Data File required to be submitted pursuant to Rule 405 of Regulation ST (Section 232.405 of this chapter) during the preceding 12 months (or for such shorter period that the registrant was required to submit such files).[r.3]</b>      Yes    No Indicate by check mark whether the registrant is a large accelerated filer, an accelerated filer, a nonaccelerated filer, a smaller reporting company, or an emerging growth company. <b>See the definitions of large accelerated filer, accelerated filer, smaller reporting company, and ""emerging growth company"" in Rule 12b2 of the Exchange Act.[r.1]</b>","[4.39, 93.7, 1.91]",positive,"[99.99, 0.01, 0.01]",neutral,"[74.48, 5.37, 20.15]",neutral
Social. Community. Human rights. Product responsibility. Responsible marketing. Product quality. Data privacy. Workforce. Diversity and inclusion. Career development and training. Working conditions. Health and safety ,71.38,18,"Item 5. Market for Registrant's Common Equity, Related Stockholder Matters and Issuer Purchases of Equity Securities Stock Performance Graph The following graph compares the fiveyear performance of the Company's common stock to the Standard & Poor's 500 Index (S&P 500) and the Standard & Poor's Life and Health Insurance Index (S&P Life and Health). The Standard & Poor's Life and Health Insurance Index includes Aflac Incorporated, Globe Life Inc., Lincoln National Corporation, MetLife Inc., Principal Financial Group Inc. and Prudential Financial Inc.",[],"Item 5. Market for Registrant's Common Equity, Related Stockholder Matters and Issuer Purchases of Equity Securities Stock Performance Graph The following graph compares the fiveyear performance of the Company's common stock to the Standard & Poor's 500 Index (S&P 500) and the Standard & Poor's Life and Health Insurance Index (S&P Life and Health). The Standard & Poor's Life and Health Insurance Index includes Aflac Incorporated, Globe Life Inc., Lincoln National Corporation, MetLife Inc., Principal Financial Group Inc. and Prudential Financial Inc.","[5.24, 92.68, 2.07]",positive,"[99.99, 0.0, 0.01]",neutral,"[89.19, 5.95, 4.86]",neutral
Social. Community. Human rights. Product responsibility. Responsible marketing. Product quality. Data privacy. Workforce. Diversity and inclusion. Career development and training. Working conditions. Health and safety ,70.79,9,"The DoddFrank Act also established a Federal Insurance Office (FIO) under the U.S. Treasury Department to monitor all aspects of the insurance industry and of lines of business other than certain health insurance, certain longterm care insurance and crop insurance.","['The DoddFrank Act also established a Federal Insurance Office (FIO) under the U.S. Treasury Department to monitor all aspects of the insurance industry and of lines of business other than certain health insurance, certain longterm care insurance and crop insurance.']","<b>The DoddFrank Act also established a Federal Insurance Office (FIO) under the U.S. Treasury Department to monitor all aspects of the insurance industry and of lines of business other than certain health insurance, certain longterm care insurance and crop insurance.[r.1]</b>","[1.59, 93.61, 4.79]",positive,"[99.99, 0.01, 0.01]",neutral,"[90.9, 4.27, 4.83]",neutral
Social. Community. Human rights. Product responsibility. Responsible marketing. Product quality. Data privacy. Workforce. Diversity and inclusion. Career development and training. Working conditions. Health and safety ,70.77,1,"If an emerging growth company, indicate by check mark if the registrant has elected not to use the extended transition period for complying with any new or revised financial accounting standards provided pursuant to Section 13(a) of the Exchange Act. ☐ Indicate by check mark whether the registrant has filed a report on and attestation to its management’s assessment of the effectiveness of its internal control over financial reporting under Section 404(b) of the SarbanesOxley Act (15 U.S.C. 7262(b)) by the registered public accounting firm that prepared or issued its audit report. ☑ Indicate by check mark whether the registrant is a shell company (as defined in Rule 12b2 of the Act). ☐ Yes    ☑  No The aggregate market value of the voting common stock held by nonaffiliates of the registrant as of June 30, 2021, was $35,892,975,941. The number of shares of the registrant’s common stock outstanding at February 16, 2022, with $.10 par value, was 649,860,875.   Incorporated By Reference Certain information contained in the Notice and Proxy Statement for the Company’s 2022 Annual Meeting of Shareholders is incorporated by reference Documents https//sec.report/Document/000000497722000058/ 1/256 10/12/22, 135 PM into Part III hereof.","['If an emerging growth company, indicate by check mark if the registrant has elected not to use the extended transition period for complying with any new or revised financial accounting standards provided pursuant to Section 13(a) of the Exchange Act.', '☐ Indicate by check mark whether the registrant has filed a report on and attestation to its management’s assessment of the effectiveness of its internal control over financial reporting under Section 404(b) of the SarbanesOxley Act (15 U.S.C. 7262(b)) by the registered public accounting firm that prepared or issued its audit report.', 'Incorporated By Reference Certain information contained in the Notice and Proxy Statement for the Company’s 2022 Annual Meeting of Shareholders is incorporated by reference Documents https//sec.report/Document/000000497722000058/ 1/256 10/12/22, 135 PM into Part III hereof.']","<b>If an emerging growth company, indicate by check mark if the registrant has elected not to use the extended transition period for complying with any new or revised financial accounting standards provided pursuant to Section 13(a) of the Exchange Act.[r.1]</b> <b>☐ Indicate by check mark whether the registrant has filed a report on and attestation to its management’s assessment of the effectiveness of its internal control over financial reporting under Section 404(b) of the SarbanesOxley Act (15 U.S.C. 7262(b)) by the registered public accounting firm that prepared or issued its audit report.[r.2]</b> ☑ Indicate by check mark whether the registrant is a shell company (as defined in Rule 12b2 of the Act). ☐ Yes    ☑  No The aggregate market value of the voting common stock held by nonaffiliates of the registrant as of June 30, 2021, was $35,892,975,941. The number of shares of the registrant’s common stock outstanding at February 16, 2022, with $.10 par value, was 649,860,875.   <b>Incorporated By Reference Certain information contained in the Notice and Proxy Statement for the Company’s 2022 Annual Meeting of Shareholders is incorporated by reference Documents https//sec.report/Document/000000497722000058/ 1/256 10/12/22, 135 PM into Part III hereof.[r.3]</b>","[2.45, 95.41, 2.14]",positive,"[99.99, 0.01, 0.01]",neutral,"[84.37, 4.39, 11.24]",neutral
Social. Community. Human rights. Product responsibility. Responsible marketing. Product quality. Data privacy. Workforce. Diversity and inclusion. Career development and training. Working conditions. Health and safety ,70.75,15,Women and people of color comprise approximately 64% of the Parent Company’s board of directors.,['Women and people of color comprise approximately 64% of the Parent Company’s board of directors.'],<b>Women and people of color comprise approximately 64% of the Parent Company’s board of directors.[r.1]</b>,"[2.42, 94.72, 2.86]",positive,"[99.99, 0.0, 0.01]",neutral,"[87.66, 10.85, 1.49]",neutral
Social. Community. Human rights. Product responsibility. Responsible marketing. Product quality. Data privacy. Workforce. Diversity and inclusion. Career development and training. Working conditions. Health and safety ,70.69,162,"Consent of independent registered public accounting firm, KPMG LLP, to Form S8 Registration Statement No. 333158969 with respect to the Aflac Incorporated 401(k) Savings and Profit Sharing Plan.","['Consent of independent registered public accounting firm, KPMG LLP, to Form S8 Registration Statement No. 333158969 with respect to the Aflac Incorporated 401(k) Savings and Profit Sharing Plan.']","<b>Consent of independent registered public accounting firm, KPMG LLP, to Form S8 Registration Statement No. 333158969 with respect to the Aflac Incorporated 401(k) Savings and Profit Sharing Plan.[r.1]</b>","[0.97, 86.59, 12.43]",positive,"[99.99, 0.0, 0.01]",neutral,"[93.87, 3.31, 2.82]",neutral
Social. Community. Human rights. Product responsibility. Responsible marketing. Product quality. Data privacy. Workforce. Diversity and inclusion. Career development and training. Working conditions. Health and safety ,70.68,92,"Schedules other than those listed above are omitted because they are not required, are not material, are not applicable, or the required information is shown in the financial statements or notes thereto.   In reviewing the agreements included as exhibits to this annual report, please remember they are included to provide you with information regarding their terms and are not intended to provide any other factual or disclosure information about the Company or the other parties to the agreements. The agreements contain representations and warranties by each of the parties to the applicable agreement. These representations and warranties have been made solely for the benefit of the other parties to the applicable agreement and  statements of fact, but rather as a way of allocating the risk to one of the parties if those statements prove to be inaccurate  have been qualified by disclosures that were made to the other party in connection with the negotiation of the applicable agreement, which disclosures are not necessarily reflected in the agreement  you or other investors and  agreement and are subject to more recent developments.  Accordingly, these representations and warranties may not describe the actual state of affairs as of the date they were made or at any other time. were made only as of the date of the applicable agreement or such other date or dates as may be specified in the may apply standards of materiality in a way that is different from what may be viewed as material to should not in all instances be treated as categorical https//sec.report/Document/000000497722000058/ 178/256 10/12/22, 135 PM Aﬂac Inc 2021 Annual Report 10K (b) EXHIBIT INDEX (1) Articles of Incorporation, as amended – incorporated by reference from Form 10Q for June 30, 2008, Exhibit 3.0.","['These representations and warranties have been made solely for the benefit of the other parties to the applicable agreement and  statements of fact, but rather as a way of allocating the risk to one of the parties if those statements prove to be inaccurate  have been qualified by disclosures that were made to the other party in connection with the negotiation of the applicable agreement, which disclosures are not necessarily reflected in the agreement  you or other investors and  agreement and are subject to more recent developments.  ']","Schedules other than those listed above are omitted because they are not required, are not material, are not applicable, or the required information is shown in the financial statements or notes thereto.   In reviewing the agreements included as exhibits to this annual report, please remember they are included to provide you with information regarding their terms and are not intended to provide any other factual or disclosure information about the Company or the other parties to the agreements. The agreements contain representations and warranties by each of the parties to the applicable agreement. <b>These representations and warranties have been made solely for the benefit of the other parties to the applicable agreement and  statements of fact, but rather as a way of allocating the risk to one of the parties if those statements prove to be inaccurate  have been qualified by disclosures that were made to the other party in connection with the negotiation of the applicable agreement, which disclosures are not necessarily reflected in the agreement  you or other investors and  agreement and are subject to more recent developments.  [r.1]</b>Accordingly, these representations and warranties may not describe the actual state of affairs as of the date they were made or at any other time. were made only as of the date of the applicable agreement or such other date or dates as may be specified in the may apply standards of materiality in a way that is different from what may be viewed as material to should not in all instances be treated as categorical https//sec.report/Document/000000497722000058/ 178/256 10/12/22, 135 PM Aﬂac Inc 2021 Annual Report 10K (b) EXHIBIT INDEX (1) Articles of Incorporation, as amended – incorporated by reference from Form 10Q for June 30, 2008, Exhibit 3.0.","[4.32, 93.81, 1.87]",positive,"[99.99, 0.0, 0.01]",neutral,"[61.4, 4.44, 34.16]",neutral
Social. Community. Human rights. Product responsibility. Responsible marketing. Product quality. Data privacy. Workforce. Diversity and inclusion. Career development and training. Working conditions. Health and safety ,70.6,166,"Consent of independent registered public accounting firm, KPMG LLP, to Form S3 Registration Statement No. 333259379 with respect to the Aflac Incorporated shelf registration statement. 31.1 (afl123121ex 311.htm) 31.2 (afl123121ex 312.htm) 32 (afl123121ex 32.htm) Certification of CEO dated February 23, 2022, required by Rule 13a14(a) or Rule 15d14(a) of the Securities Exchange Act of 1934.","['Consent of independent registered public accounting firm, KPMG LLP, to Form S3 Registration Statement No. 333259379 with respect to the Aflac Incorporated shelf registration statement.']","<b>Consent of independent registered public accounting firm, KPMG LLP, to Form S3 Registration Statement No. 333259379 with respect to the Aflac Incorporated shelf registration statement.[r.1]</b> 31.1 (afl123121ex 311.htm) 31.2 (afl123121ex 312.htm) 32 (afl123121ex 32.htm) Certification of CEO dated February 23, 2022, required by Rule 13a14(a) or Rule 15d14(a) of the Securities Exchange Act of 1934.","[1.65, 94.77, 3.58]",positive,"[99.99, 0.0, 0.01]",neutral,"[93.43, 3.01, 3.57]",neutral
Social. Community. Human rights. Product responsibility. Responsible marketing. Product quality. Data privacy. Workforce. Diversity and inclusion. Career development and training. Working conditions. Health and safety ,70.57,54,"The Parent Company enters into forward and option contracts to accomplish a dual objective of hedging foreign currency exchange rate risk related to dividend payments by its subsidiary, ALIJ, and reducing enterprisewide hedge costs. (see Enterprise Corporate Hedging Program below).","['The Parent Company enters into forward and option contracts to accomplish a dual objective of hedging foreign currency exchange rate risk related to dividend payments by its subsidiary, ALIJ, and reducing enterprisewide hedge costs.']","<b>The Parent Company enters into forward and option contracts to accomplish a dual objective of hedging foreign currency exchange rate risk related to dividend payments by its subsidiary, ALIJ, and reducing enterprisewide hedge costs.[r.1]</b> (see Enterprise Corporate Hedging Program below).","[0.9, 18.82, 80.28]",negative,"[0.08, 99.9, 0.02]",positive,"[87.96, 9.03, 3.01]",neutral
Social. Community. Human rights. Product responsibility. Responsible marketing. Product quality. Data privacy. Workforce. Diversity and inclusion. Career development and training. Working conditions. Health and safety ,70.17,89,Director Compensation Compensation Committee Compensation Committee Report Compensation Discussion and Analysis 2021 Summary Compensation Table 2021 Grants of PlanBased Awards 2021 Outstanding Equity Awards at Fiscal YearEnd 2021 Option Exercises and Stock Vested Pension Benefits Nonqualified Deferred Compensation Potential Payments Upon Termination or ChangeIn Control and Compensation Committee Interlocks and Insider Participation ITEM 12.,['Director Compensation Compensation Committee Compensation Committee Report Compensation Discussion and Analysis 2021 Summary Compensation Table 2021 Grants of PlanBased Awards 2021 Outstanding Equity Awards at Fiscal YearEnd 2021 Option Exercises and Stock Vested Pension Benefits Nonqualified Deferred Compensation Potential Payments Upon Termination or ChangeIn Control and Compensation Committee Interlocks and Insider Participation ITEM 12.'],<b>Director Compensation Compensation Committee Compensation Committee Report Compensation Discussion and Analysis 2021 Summary Compensation Table 2021 Grants of PlanBased Awards 2021 Outstanding Equity Awards at Fiscal YearEnd 2021 Option Exercises and Stock Vested Pension Benefits Nonqualified Deferred Compensation Potential Payments Upon Termination or ChangeIn Control and Compensation Committee Interlocks and Insider Participation ITEM 12.[r.1]</b>,"[7.22, 90.91, 1.87]",positive,"[99.99, 0.01, 0.01]",neutral,"[85.83, 4.27, 9.9]",neutral
Social. Community. Human rights. Product responsibility. Responsible marketing. Product quality. Data privacy. Workforce. Diversity and inclusion. Career development and training. Working conditions. Health and safety ,70.12,132,"Aflac Incorporated 2013 Management Incentive Plan – incorporated by reference from the 2012 Proxy Statement, Appendix B. https//sec.report/Document/000000497722000058/ 10 14 Afl I t d 2018 M t I ti Pl i t d b f f th 2017 P St t t A di B 185/256 10/12/22, 135 PM 10.14 (https//sec.r eport/Docum ent/4977/00 0120677417 000860/aflac 3220911 def14a.htm) 10.15 (https//sec.r eport/Docum ent/4977/00 0000497721 000063/afl33 121ex101.ht m) 10.16 (https//sec.r eport/Docum ent/4977/00 0120677412 001158/aflac def14a.htm ) 10.17 (https//sec.r eport/Docum ent/4977/00 0000497716 000309/bod optionsagree ment.htm) 10.18 (https//sec.r eport/Docum ent/4977/00 0000497716 000309/bod optionsnotic e.htm) 10.19 (https//sec.r eport/Docum ent/4977/00 0000497716 000309/bodr saagreemen t.htm) 10.20 (https//sec.r eport/Docum ent/4977/00 0000497716 000309/bodr sanotice.htm ) 10.21 (https//sec.r eport/Docum ent/4977/00 0000497716 000309/usrs a.htm) 10.22 (https//sec.r eport/Docum ent/4977/00 0000497716 000309/japa nrsa.htm) 10.23 (https//sec.r eport/Docum ent/4977/00 0000497713 Aflac Incorporated 2018 Management Incentive Plan  incorporated by reference from the 2017 Proxy Statement, Appendix B.",[],"Aflac Incorporated 2013 Management Incentive Plan – incorporated by reference from the 2012 Proxy Statement, Appendix B. https//sec.report/Document/000000497722000058/ 10 14 Afl I t d 2018 M t I ti Pl i t d b f f th 2017 P St t t A di B 185/256 10/12/22, 135 PM 10.14 (https//sec.r eport/Docum ent/4977/00 0120677417 000860/aflac 3220911 def14a.htm) 10.15 (https//sec.r eport/Docum ent/4977/00 0000497721 000063/afl33 121ex101.ht m) 10.16 (https//sec.r eport/Docum ent/4977/00 0120677412 001158/aflac def14a.htm ) 10.17 (https//sec.r eport/Docum ent/4977/00 0000497716 000309/bod optionsagree ment.htm) 10.18 (https//sec.r eport/Docum ent/4977/00 0000497716 000309/bod optionsnotic e.htm) 10.19 (https//sec.r eport/Docum ent/4977/00 0000497716 000309/bodr saagreemen t.htm) 10.20 (https//sec.r eport/Docum ent/4977/00 0000497716 000309/bodr sanotice.htm ) 10.21 (https//sec.r eport/Docum ent/4977/00 0000497716 000309/usrs a.htm) 10.22 (https//sec.r eport/Docum ent/4977/00 0000497716 000309/japa nrsa.htm) 10.23 (https//sec.r eport/Docum ent/4977/00 0000497713 Aflac Incorporated 2018 Management Incentive Plan  incorporated by reference from the 2017 Proxy Statement, Appendix B.","[6.43, 91.28, 2.29]",positive,"[99.99, 0.01, 0.01]",neutral,"[84.31, 3.66, 12.03]",neutral
Social. Community. Human rights. Product responsibility. Responsible marketing. Product quality. Data privacy. Workforce. Diversity and inclusion. Career development and training. Working conditions. Health and safety ,70.1,168,"Certification of CEO and CFO dated February 23, 2022, pursuant to 18 U.S.C. Section 1350, as Adopted Pursuant to Section 906 of the SarbanesOxley Act of 2002. 101.INS XBRL Instance Document  the instance document does not appear in the Interactive Data File because its XBRL tags are 101.SCH 101.CAL 101.DEF 101.LAB 101.PRE embedded within the Inline XBRL document.",['101.INS XBRL Instance Document  the instance document does not appear in the Interactive Data File because its XBRL tags are 101.SCH 101.CAL 101.DEF 101.LAB 101.PRE embedded within the Inline XBRL document.'],"Certification of CEO and CFO dated February 23, 2022, pursuant to 18 U.S.C. Section 1350, as Adopted Pursuant to Section 906 of the SarbanesOxley Act of 2002. <b>101.INS XBRL Instance Document  the instance document does not appear in the Interactive Data File because its XBRL tags are 101.SCH 101.CAL 101.DEF 101.LAB 101.PRE embedded within the Inline XBRL document.[r.1]</b>","[5.78, 92.6, 1.62]",positive,"[99.99, 0.0, 0.01]",neutral,"[59.77, 4.04, 36.19]",neutral
Social. Community. Human rights. Product responsibility. Responsible marketing. Product quality. Data privacy. Workforce. Diversity and inclusion. Career development and training. Working conditions. Health and safety ,70.08,164,"Consent of independent registered public accounting firm, KPMG LLP, to Form S3 Registration Statement No. 333242390 with respect to the AFL Stock Plan.","['Consent of independent registered public accounting firm, KPMG LLP, to Form S3 Registration Statement No. 333242390 with respect to the AFL Stock Plan.']","<b>Consent of independent registered public accounting firm, KPMG LLP, to Form S3 Registration Statement No. 333242390 with respect to the AFL Stock Plan.[r.1]</b>","[1.15, 90.87, 7.98]",positive,"[99.99, 0.0, 0.01]",neutral,"[94.13, 2.94, 2.93]",neutral
Social. Community. Human rights. Product responsibility. Responsible marketing. Product quality. Data privacy. Workforce. Diversity and inclusion. Career development and training. Working conditions. Health and safety ,69.87,148,"Notice of time based restricted stock unit and restricted stock unit agreement under the 2004 Aflac Incorporated LongTerm Incentive Plan, as amended and restated March 14, 2012 – incorporated by reference from Form 10Q for March 31, 2018, Exhibit 10.1.","['Notice of time based restricted stock unit and restricted stock unit agreement under the 2004 Aflac Incorporated LongTerm Incentive Plan, as amended and restated March 14, 2012 – incorporated by reference from Form 10Q for March 31, 2018, Exhibit 10.1.']","<b>Notice of time based restricted stock unit and restricted stock unit agreement under the 2004 Aflac Incorporated LongTerm Incentive Plan, as amended and restated March 14, 2012 – incorporated by reference from Form 10Q for March 31, 2018, Exhibit 10.1.[r.1]</b>","[1.5, 94.59, 3.91]",positive,"[99.99, 0.0, 0.01]",neutral,"[92.27, 3.44, 4.29]",neutral
Social. Community. Human rights. Product responsibility. Responsible marketing. Product quality. Data privacy. Workforce. Diversity and inclusion. Career development and training. Working conditions. Health and safety ,69.73,149,"Notice of time based restricted stock unit and restricted stock unit agreement under the Aflac Incorporated LongTerm Incentive Plan, as amended and restated February 14, 2017 – incorporated by reference from Form 10Q for March 31, 2018, Exhibit 10.3.","['Notice of time based restricted stock unit and restricted stock unit agreement under the Aflac Incorporated LongTerm Incentive Plan, as amended and restated February 14, 2017 – incorporated by reference from Form 10Q for March 31, 2018, Exhibit 10.3.']","<b>Notice of time based restricted stock unit and restricted stock unit agreement under the Aflac Incorporated LongTerm Incentive Plan, as amended and restated February 14, 2017 – incorporated by reference from Form 10Q for March 31, 2018, Exhibit 10.3.[r.1]</b>","[1.53, 94.61, 3.86]",positive,"[99.99, 0.0, 0.01]",neutral,"[92.74, 3.85, 3.41]",neutral
Social. Community. Human rights. Product responsibility. Responsible marketing. Product quality. Data privacy. Workforce. Diversity and inclusion. Career development and training. Working conditions. Health and safety ,69.62,140,"Notice of time based restricted stock award under the 2004 Aflac Incorporated LongTerm Incentive Plan, as amended and restated March 14, 2012 – incorporated by reference from Form 10Q for June 30, 2013, Exhibit 10.22. https//sec.report/Document/000000497722000058/ 186/256 10/12/22, 135 PM Aﬂac Inc 2021 Annual Report 10K 0000497713 000084/afl06 3013ex1022. htm) 10.24 (https//sec.r eport/Docum ent/4977/00 0000497716 000309/pbrs .htm) 10.25 (https//sec.r eport/Docum ent/4977/00 0000497716 000309/us nonxqualifyi ng.htm) 10.26 (https//sec.r eport/Docum ent/4977/00 0000497716 000309/japa nnon qualifyingsto ckop.htm) Notice of performance based restricted stock award under the 2004 Aflac Incorporated LongTerm Incentive Plan, as amended and restated March 14, 2012 – incorporated by reference from Form 10Q for March 31, 2016, Exhibit 10.20.",[],"Notice of time based restricted stock award under the 2004 Aflac Incorporated LongTerm Incentive Plan, as amended and restated March 14, 2012 – incorporated by reference from Form 10Q for June 30, 2013, Exhibit 10.22. https//sec.report/Document/000000497722000058/ 186/256 10/12/22, 135 PM Aﬂac Inc 2021 Annual Report 10K 0000497713 000084/afl06 3013ex1022. htm) 10.24 (https//sec.r eport/Docum ent/4977/00 0000497716 000309/pbrs .htm) 10.25 (https//sec.r eport/Docum ent/4977/00 0000497716 000309/us nonxqualifyi ng.htm) 10.26 (https//sec.r eport/Docum ent/4977/00 0000497716 000309/japa nnon qualifyingsto ckop.htm) Notice of performance based restricted stock award under the 2004 Aflac Incorporated LongTerm Incentive Plan, as amended and restated March 14, 2012 – incorporated by reference from Form 10Q for March 31, 2016, Exhibit 10.20.","[3.35, 94.0, 2.65]",positive,"[99.99, 0.01, 0.01]",neutral,"[82.88, 3.32, 13.8]",neutral
,-1.0,2,,,,,,,,,
,-1.0,3,,,,,,,,,
,-1.0,6,,,,,,,,,
,-1.0,9,,,,,,,,,
,-1.0,12,,,,,,,,,
,-1.0,14,,,,,,,,,
,-1.0,19,,,,,,,,,
,-1.0,22,,,,,,,,,
,-1.0,23,,,,,,,,,
,-1.0,25,,,,,,,,,
,-1.0,27,,,,,,,,,
,-1.0,29,,,,,,,,,
,-1.0,33,,,,,,,,,
,-1.0,35,,,,,,,,,
,-1.0,36,,,,,,,,,
,-1.0,40,,,,,,,,,
,-1.0,45,,,,,,,,,
,-1.0,46,,,,,,,,,
,-1.0,51,,,,,,,,,
,-1.0,52,,,,,,,,,
,-1.0,56,,,,,,,,,
