QUERY,MATCH_SCORE,PRG_NUM,PRG_TXT,filtered,FORMATTED,E_finBERT_ntl_pos_neg,E_finBERT_maxSentiment,E_fineTuned_ntl_pos_neg,E_fineTuned_maxSentiment,E_twitter_ntl_pos_neg,E_twitter_maxSentiment
Emission. Natural resource consumption. Waste. Biodiversity. Water. Green. Sustainability. Climate Change. Carbon Footprint. Environmental Impact. Water Stress. Pollution. Toxic. Clean Tech. Renewable. Fire. greenhouse. recycle,73.68,61,"The growth of the future policy benefits liability in yen for Aflac Japan and in dollars for Aflac U.S. has been due to the aging of the Company's inforce block of business and the addition of new business.   The following table summarizes certain significant assumptions made in establishing reserves for the Company's products and the net impact that could result from changes in these assumptions should they occur. Under U.S. GAAP, the Company's reserves for its limited pay and long duration contracts are primarily calculated using lockedin assumptions. As such, the adverse hypothetical impacts illustrated in the table below are those that would increase the Company's best estimate reserves, but would not result in a premium deficiency requiring strengthening of reserves or writeoff of DAC. The favorable hypothetical impacts in the table below would decrease the Company's best estimate reserves but they would not result in an immediate decrease to its U.S. GAAP reserves (given that the Company would be required to leave the current assumptions locked in) rather, the positive impacts would be recognized in net earnings over the life of the policies in force.   The information below is for illustrative purposes and includes the impacts of changes in a single assumption and not changes in any combination of assumptions. As a result of emerging experience, changes in current assumptions and the related impact that could result in the listed financial statement balances that are in excess of the amounts illustrated may occur in future periods.","['As a result of emerging experience, changes in current assumptions and the related impact that could result in the listed financial statement balances that are in excess of the amounts illustrated may occur in future periods.', 'The information below is for illustrative purposes and includes the impacts of changes in a single assumption and not changes in any combination of assumptions.', ""The favorable hypothetical impacts in the table below would decrease the Company's best estimate reserves but they would not result in an immediate decrease to its U.S. GAAP reserves (given that the Company would be required to leave the current assumptions locked in) rather, the positive impacts would be recognized in net earnings over the life of the policies in force.   "", ""The following table summarizes certain significant assumptions made in establishing reserves for the Company's products and the net impact that could result from changes in these assumptions should they occur."", ""As such, the adverse hypothetical impacts illustrated in the table below are those that would increase the Company's best estimate reserves, but would not result in a premium deficiency requiring strengthening of reserves or writeoff of DAC.""]","The growth of the future policy benefits liability in yen for Aflac Japan and in dollars for Aflac U.S. has been due to the aging of the Company's inforce block of business and the addition of new business.   <b>The following table summarizes certain significant assumptions made in establishing reserves for the Company's products and the net impact that could result from changes in these assumptions should they occur.[r.4]</b> Under U.S. GAAP, the Company's reserves for its limited pay and long duration contracts are primarily calculated using lockedin assumptions. <b>As such, the adverse hypothetical impacts illustrated in the table below are those that would increase the Company's best estimate reserves, but would not result in a premium deficiency requiring strengthening of reserves or writeoff of DAC.[r.5]</b> <b>The favorable hypothetical impacts in the table below would decrease the Company's best estimate reserves but they would not result in an immediate decrease to its U.S. GAAP reserves (given that the Company would be required to leave the current assumptions locked in) rather, the positive impacts would be recognized in net earnings over the life of the policies in force.   [r.3]</b><b>The information below is for illustrative purposes and includes the impacts of changes in a single assumption and not changes in any combination of assumptions.[r.2]</b> <b>As a result of emerging experience, changes in current assumptions and the related impact that could result in the listed financial statement balances that are in excess of the amounts illustrated may occur in future periods.[r.1]</b>","[10.02, 83.92, 6.06]",positive,"[0.04, 99.93, 0.03]",positive,"[76.75, 9.86, 13.39]",neutral
Emission. Natural resource consumption. Waste. Biodiversity. Water. Green. Sustainability. Climate Change. Carbon Footprint. Environmental Impact. Water Stress. Pollution. Toxic. Clean Tech. Renewable. Fire. greenhouse. recycle,72.8,10,"In the absence of a comprehensive federal privacy law, many States are making a push towards privacy legislation. Personally identifiable information is used in support of many of the Company's business processes. For many years, the standard for protection and treatment of that data was benchmarked by privacy and security provisions of the federal GrammLeachBliley Act of 1999 (GLBA) and in the Health Insurance Portability and Accountability Act of 1996 (HIPAA). As consumers have grown more concerned about the protection of their data, as well as how their data is used by an organization, many jurisdictions within and outside of the U.S. have created legislation and issued regulations that apply or may in the future apply to 8 aspects of Aflac U.S. operations and allow consumers the right to access, correct, delete and the right to opt out of sales or use of their data. The https//sec.report/Document/000000497722000058/ 11/256 10/12/22, 135 PM Item 1. Business Aﬂac Inc 2021 Annual Report 10K California Consumer Privacy Act (CCPA), the California Privacy Rights Act (CPRA), the UK General Data Protection Regulation (UK GDPR), the UK Data Protection Act of 2018 (DPA Act) and most recently the Virginia Consumer Data Privacy Act (CDPA) and the Colorado Privacy Act (CPA), which both go into effect in 2023, are examples of these types of legislation.","['As consumers have grown more concerned about the protection of their data, as well as how their data is used by an organization, many jurisdictions within and outside of the U.S. have created legislation and issued regulations that apply or may in the future apply to 8 aspects of Aflac U.S. operations and allow consumers the right to access, correct, delete and the right to opt out of sales or use of their data.', 'Business Aﬂac Inc 2021 Annual Report 10K California Consumer Privacy Act (CCPA), the California Privacy Rights Act (CPRA), the UK General Data Protection Regulation (UK GDPR), the UK Data Protection Act of 2018 (DPA Act) and most recently the Virginia Consumer Data Privacy Act (CDPA) and the Colorado Privacy Act (CPA), which both go into effect in 2023, are examples of these types of legislation.']","In the absence of a comprehensive federal privacy law, many States are making a push towards privacy legislation. Personally identifiable information is used in support of many of the Company's business processes. For many years, the standard for protection and treatment of that data was benchmarked by privacy and security provisions of the federal GrammLeachBliley Act of 1999 (GLBA) and in the Health Insurance Portability and Accountability Act of 1996 (HIPAA). <b>As consumers have grown more concerned about the protection of their data, as well as how their data is used by an organization, many jurisdictions within and outside of the U.S. have created legislation and issued regulations that apply or may in the future apply to 8 aspects of Aflac U.S. operations and allow consumers the right to access, correct, delete and the right to opt out of sales or use of their data.[r.1]</b> The https//sec.report/Document/000000497722000058/ 11/256 10/12/22, 135 PM Item 1. <b>Business Aﬂac Inc 2021 Annual Report 10K California Consumer Privacy Act (CCPA), the California Privacy Rights Act (CPRA), the UK General Data Protection Regulation (UK GDPR), the UK Data Protection Act of 2018 (DPA Act) and most recently the Virginia Consumer Data Privacy Act (CDPA) and the Colorado Privacy Act (CPA), which both go into effect in 2023, are examples of these types of legislation.[r.2]</b>","[3.62, 92.49, 3.89]",positive,"[99.97, 0.02, 0.01]",neutral,"[77.7, 7.39, 14.91]",neutral
Emission. Natural resource consumption. Waste. Biodiversity. Water. Green. Sustainability. Climate Change. Carbon Footprint. Environmental Impact. Water Stress. Pollution. Toxic. Clean Tech. Renewable. Fire. greenhouse. recycle,72.46,20,"The Company's investment portfolio was wellpositioned entering the crisis, and the Company continues to follow its strategy of investing primarily in fixed maturity securities to generate a reliable stream of income. Fundamental credit analysis and actively managing the risk profile of the portfolio contributed to the current quality of the Company’s investments. Economic and market conditions have continued to improve since the onset of the pandemic. The continued path of the recovery remains uncertain given the potential longer term impacts of the pandemic. This includes structural changes in employment patterns which are impacting multiple sectors of the economy and contributing to disruptions in the global supply chain, triggering price increases across several areas of the broader economy. Supply shortages, upward pressure on wages to attract employees and higher commodity prices have all driven nearterm increases in inflation. It remains unclear whether the current elevated levels of inflation are transitory or more lasting, making the ultimate impact on the global economy and markets uncertain, with resulting uncertainty as to the impact on the Company's investments.","['This includes structural changes in employment patterns which are impacting multiple sectors of the economy and contributing to disruptions in the global supply chain, triggering price increases across several areas of the broader economy.', ""It remains unclear whether the current elevated levels of inflation are transitory or more lasting, making the ultimate impact on the global economy and markets uncertain, with resulting uncertainty as to the impact on the Company's investments.""]","The Company's investment portfolio was wellpositioned entering the crisis, and the Company continues to follow its strategy of investing primarily in fixed maturity securities to generate a reliable stream of income. Fundamental credit analysis and actively managing the risk profile of the portfolio contributed to the current quality of the Company’s investments. Economic and market conditions have continued to improve since the onset of the pandemic. The continued path of the recovery remains uncertain given the potential longer term impacts of the pandemic. <b>This includes structural changes in employment patterns which are impacting multiple sectors of the economy and contributing to disruptions in the global supply chain, triggering price increases across several areas of the broader economy.[r.1]</b> Supply shortages, upward pressure on wages to attract employees and higher commodity prices have all driven nearterm increases in inflation. <b>It remains unclear whether the current elevated levels of inflation are transitory or more lasting, making the ultimate impact on the global economy and markets uncertain, with resulting uncertainty as to the impact on the Company's investments.[r.2]</b>","[86.28, 6.33, 7.39]",neutral,"[0.02, 99.92, 0.06]",positive,"[67.27, 14.01, 18.72]",neutral
Emission. Natural resource consumption. Waste. Biodiversity. Water. Green. Sustainability. Climate Change. Carbon Footprint. Environmental Impact. Water Stress. Pollution. Toxic. Clean Tech. Renewable. Fire. greenhouse. recycle,71.74,44,"The benefit ratio to total premiums decreased in 2021, compared with 2020, reflecting reduced estimates of both COVID19related and nonCOVID19 related incurred claims since the advent of the pandemic. The adjusted expense ratio increased in 2021, compared with 2020, primarily due to planned spending on buytobuild investments, offset slightly by lower deferred policy acquisition cost (DAC) amortization related to elevated persistency. The pretax adjusted profit margin increased in 2021 when compared with 2020, primarily due to lower benefit ratios.   Aflac U.S. Sales   The following table presents Aflac's U.S. new annualized premium sales for the years ended December 31. (In millions) New annualized premium sales Increase (decrease) over prior period $ 1,278 16.9  % $ 1,093 (30.8) % New annualized premium sales for accident insurance, the leading Aflac U.S. product category, increased 12.7%, disability sales increased 14.2%, critical care insurance sales (including cancer insurance) increased 13.0%, and hospital indemnity insurance sales increased 6.6% in 2021, compared with 2020. The increase in sales for Aflac U.S. in 2021 is primarily attributable to increased sales activity as a result of the ongoing economic reopening in the U.S. and favorable comparisons due to pandemic conditions in 2020. Aflac U.S. expects this trend of increasing sales to continue in 2022. See the Executive Summary section entitled COVID19 of this MD&A for additional information.      The following table details the contributions to Aflac's U.S. new annualized premium sales by major insurance product category for the years ended December 31.","['The adjusted expense ratio increased in 2021, compared with 2020, primarily due to planned spending on buytobuild investments, offset slightly by lower deferred policy acquisition cost (DAC) amortization related to elevated persistency.']","The benefit ratio to total premiums decreased in 2021, compared with 2020, reflecting reduced estimates of both COVID19related and nonCOVID19 related incurred claims since the advent of the pandemic. <b>The adjusted expense ratio increased in 2021, compared with 2020, primarily due to planned spending on buytobuild investments, offset slightly by lower deferred policy acquisition cost (DAC) amortization related to elevated persistency.[r.1]</b> The pretax adjusted profit margin increased in 2021 when compared with 2020, primarily due to lower benefit ratios.   Aflac U.S. Sales   The following table presents Aflac's U.S. new annualized premium sales for the years ended December 31. (In millions) New annualized premium sales Increase (decrease) over prior period $ 1,278 16.9  % $ 1,093 (30.8) % New annualized premium sales for accident insurance, the leading Aflac U.S. product category, increased 12.7%, disability sales increased 14.2%, critical care insurance sales (including cancer insurance) increased 13.0%, and hospital indemnity insurance sales increased 6.6% in 2021, compared with 2020. The increase in sales for Aflac U.S. in 2021 is primarily attributable to increased sales activity as a result of the ongoing economic reopening in the U.S. and favorable comparisons due to pandemic conditions in 2020. Aflac U.S. expects this trend of increasing sales to continue in 2022. See the Executive Summary section entitled COVID19 of this MD&A for additional information.      The following table details the contributions to Aflac's U.S. new annualized premium sales by major insurance product category for the years ended December 31.","[74.21, 14.24, 11.55]",neutral,"[0.01, 99.9, 0.09]",positive,"[76.69, 13.5, 9.81]",neutral
Emission. Natural resource consumption. Waste. Biodiversity. Water. Green. Sustainability. Climate Change. Carbon Footprint. Environmental Impact. Water Stress. Pollution. Toxic. Clean Tech. Renewable. Fire. greenhouse. recycle,71.68,1,"If an emerging growth company, indicate by check mark if the registrant has elected not to use the extended transition period for complying with any new or revised financial accounting standards provided pursuant to Section 13(a) of the Exchange Act. ☐ Indicate by check mark whether the registrant has filed a report on and attestation to its management’s assessment of the effectiveness of its internal control over financial reporting under Section 404(b) of the SarbanesOxley Act (15 U.S.C. 7262(b)) by the registered public accounting firm that prepared or issued its audit report. ☑ Indicate by check mark whether the registrant is a shell company (as defined in Rule 12b2 of the Act). ☐ Yes    ☑  No The aggregate market value of the voting common stock held by nonaffiliates of the registrant as of June 30, 2021, was $35,892,975,941. The number of shares of the registrant’s common stock outstanding at February 16, 2022, with $.10 par value, was 649,860,875.   Incorporated By Reference Certain information contained in the Notice and Proxy Statement for the Company’s 2022 Annual Meeting of Shareholders is incorporated by reference Documents https//sec.report/Document/000000497722000058/ 1/256 10/12/22, 135 PM into Part III hereof.","['If an emerging growth company, indicate by check mark if the registrant has elected not to use the extended transition period for complying with any new or revised financial accounting standards provided pursuant to Section 13(a) of the Exchange Act.']","<b>If an emerging growth company, indicate by check mark if the registrant has elected not to use the extended transition period for complying with any new or revised financial accounting standards provided pursuant to Section 13(a) of the Exchange Act.[r.1]</b> ☐ Indicate by check mark whether the registrant has filed a report on and attestation to its management’s assessment of the effectiveness of its internal control over financial reporting under Section 404(b) of the SarbanesOxley Act (15 U.S.C. 7262(b)) by the registered public accounting firm that prepared or issued its audit report. ☑ Indicate by check mark whether the registrant is a shell company (as defined in Rule 12b2 of the Act). ☐ Yes    ☑  No The aggregate market value of the voting common stock held by nonaffiliates of the registrant as of June 30, 2021, was $35,892,975,941. The number of shares of the registrant’s common stock outstanding at February 16, 2022, with $.10 par value, was 649,860,875.   Incorporated By Reference Certain information contained in the Notice and Proxy Statement for the Company’s 2022 Annual Meeting of Shareholders is incorporated by reference Documents https//sec.report/Document/000000497722000058/ 1/256 10/12/22, 135 PM into Part III hereof.","[2.45, 95.41, 2.14]",positive,"[99.99, 0.01, 0.01]",neutral,"[84.37, 4.39, 11.24]",neutral
Emission. Natural resource consumption. Waste. Biodiversity. Water. Green. Sustainability. Climate Change. Carbon Footprint. Environmental Impact. Water Stress. Pollution. Toxic. Clean Tech. Renewable. Fire. greenhouse. recycle,71.68,7,"The Patient Protection and Affordable Care Act and the Heath Care and Education Reconciliation Act of 2010 (collectively, the ACA), federal health care reform legislation, gave the U.S. federal government direct regulatory authority over the business of health insurance. The ACA, as enacted, does not require material changes in the design of the Company's insurance products. However, indirect consequences of, or changes to, the legislation and regulations could present challenges that could potentially have an impact on the Company's sales model, financial condition and results of operations. Certain provisions of the ACA have been and may continue to be subject to challenge through litigation, the ultimate effects of which on the ACA are uncertain. See the risk factor entitled, ""Extensive regulation and changes in legislation can impact profitability and growth"" for more information.","[""However, indirect consequences of, or changes to, the legislation and regulations could present challenges that could potentially have an impact on the Company's sales model, financial condition and results of operations."", 'See the risk factor entitled, ""Extensive regulation and changes in legislation can impact profitability and growth"" for more information.', 'The Patient Protection and Affordable Care Act and the Heath Care and Education Reconciliation Act of 2010 (collectively, the ACA), federal health care reform legislation, gave the U.S. federal government direct regulatory authority over the business of health insurance.']","<b>The Patient Protection and Affordable Care Act and the Heath Care and Education Reconciliation Act of 2010 (collectively, the ACA), federal health care reform legislation, gave the U.S. federal government direct regulatory authority over the business of health insurance.[r.3]</b> The ACA, as enacted, does not require material changes in the design of the Company's insurance products. <b>However, indirect consequences of, or changes to, the legislation and regulations could present challenges that could potentially have an impact on the Company's sales model, financial condition and results of operations.[r.1]</b> Certain provisions of the ACA have been and may continue to be subject to challenge through litigation, the ultimate effects of which on the ACA are uncertain. <b>See the risk factor entitled, ""Extensive regulation and changes in legislation can impact profitability and growth"" for more information.[r.2]</b>","[23.28, 73.57, 3.16]",positive,"[55.61, 0.34, 44.05]",neutral,"[69.83, 5.21, 24.96]",neutral
Emission. Natural resource consumption. Waste. Biodiversity. Water. Green. Sustainability. Climate Change. Carbon Footprint. Environmental Impact. Water Stress. Pollution. Toxic. Clean Tech. Renewable. Fire. greenhouse. recycle,71.56,11,"Cybersecurity continues to be an area of evolving focus for legislation and regulatory activity. Industry regulators as well as the federal government have updated existing standards and increased their focus on enforcement. For example, the National Institute of Standards and Technology (NIST) issued enhanced security guidelines of the software supply chain and New York Department of Financial Services (NYDFS) published increased security guidelines related to ransomware.","['For example, the National Institute of Standards and Technology (NIST) issued enhanced security guidelines of the software supply chain and New York Department of Financial Services (NYDFS) published increased security guidelines related to ransomware.']","Cybersecurity continues to be an area of evolving focus for legislation and regulatory activity. Industry regulators as well as the federal government have updated existing standards and increased their focus on enforcement. <b>For example, the National Institute of Standards and Technology (NIST) issued enhanced security guidelines of the software supply chain and New York Department of Financial Services (NYDFS) published increased security guidelines related to ransomware.[r.1]</b>","[1.9, 41.8, 56.31]",negative,"[0.59, 99.38, 0.03]",positive,"[71.4, 26.58, 2.02]",neutral
Emission. Natural resource consumption. Waste. Biodiversity. Water. Green. Sustainability. Climate Change. Carbon Footprint. Environmental Impact. Water Stress. Pollution. Toxic. Clean Tech. Renewable. Fire. greenhouse. recycle,71.51,185,"Transfer. Until the restrictions on transfer of the shares lapse as provided in Paragraph D below, or as otherwise provided in the Plan, no transfer of the shares or any of the Participant’s rights with respect to such shares, whether voluntary or involuntary, by operation of law or otherwise, shall be permitted.  Company and all of its Affiliates, any shares as to which the restrictions on transferability shall not already have lapsed pursuant to Paragraph D C.Forfeiture. Except as otherwise provided in Paragraph D below, upon termination of the Participant’s employment with the below, or as otherwise provided in the Plan, shall be immediately forfeited by the Participant and transferred to, and reacquired by, the Company without consideration of any kind. In the case of a Participant who served as a nonemployee sales associate of an Affiliate of the Company immediately before becoming an employee, if such Participant voluntarily terminates employment with the Company or an Affiliate but continues immediately thereafter to perform bona fide services for an Affiliate as a sales associate, the Participant shall be treated as continuing employment with the Company or an Affiliate for purposes of this Agreement. If the Committee or its delegate determines, in its sole discretion, that such a Participant is no longer providing bona fide services to an Affiliate as a sales associate, the Participant shall be deemed to have terminated employment for purposes of this Agreement on the date as of which such services are determined to have ceased. The Committee may require the Participant to provide such evidence of continuing services as it deems appropriate. The Committee may establish policies and procedures to be followed by the Committee or its delegate in determining whether a Participant is providing bona fide services as a sales associate, and such policies (including any amendments or modifications thereto) shall be considered part of this Agreement and shall be binding on the Participant.","['Company and all of its Affiliates, any shares as to which the restrictions on transferability shall not already have lapsed pursuant to Paragraph D C.Forfeiture.']","Transfer. Until the restrictions on transfer of the shares lapse as provided in Paragraph D below, or as otherwise provided in the Plan, no transfer of the shares or any of the Participant’s rights with respect to such shares, whether voluntary or involuntary, by operation of law or otherwise, shall be permitted.  <b>Company and all of its Affiliates, any shares as to which the restrictions on transferability shall not already have lapsed pursuant to Paragraph D C.Forfeiture.[r.1]</b> Except as otherwise provided in Paragraph D below, upon termination of the Participant’s employment with the below, or as otherwise provided in the Plan, shall be immediately forfeited by the Participant and transferred to, and reacquired by, the Company without consideration of any kind. In the case of a Participant who served as a nonemployee sales associate of an Affiliate of the Company immediately before becoming an employee, if such Participant voluntarily terminates employment with the Company or an Affiliate but continues immediately thereafter to perform bona fide services for an Affiliate as a sales associate, the Participant shall be treated as continuing employment with the Company or an Affiliate for purposes of this Agreement. If the Committee or its delegate determines, in its sole discretion, that such a Participant is no longer providing bona fide services to an Affiliate as a sales associate, the Participant shall be deemed to have terminated employment for purposes of this Agreement on the date as of which such services are determined to have ceased. The Committee may require the Participant to provide such evidence of continuing services as it deems appropriate. The Committee may establish policies and procedures to be followed by the Committee or its delegate in determining whether a Participant is providing bona fide services as a sales associate, and such policies (including any amendments or modifications thereto) shall be considered part of this Agreement and shall be binding on the Participant.","[8.5, 89.48, 2.03]",positive,"[99.96, 0.01, 0.03]",neutral,"[81.44, 3.63, 14.93]",neutral
Emission. Natural resource consumption. Waste. Biodiversity. Water. Green. Sustainability. Climate Change. Carbon Footprint. Environmental Impact. Water Stress. Pollution. Toxic. Clean Tech. Renewable. Fire. greenhouse. recycle,71.48,8,"DoddFrank Act   Title VII of the DoddFrank Wall Street Reform and Consumer Protection Act of 2010 (DoddFrank) and regulations issued thereunder, in particular rules to require central clearing for certain types of derivatives, may have an impact on the Company's derivative activity, including activity on behalf of Aflac Japan.","[""DoddFrank Act   Title VII of the DoddFrank Wall Street Reform and Consumer Protection Act of 2010 (DoddFrank) and regulations issued thereunder, in particular rules to require central clearing for certain types of derivatives, may have an impact on the Company's derivative activity, including activity on behalf of Aflac Japan.""]","<b>DoddFrank Act   Title VII of the DoddFrank Wall Street Reform and Consumer Protection Act of 2010 (DoddFrank) and regulations issued thereunder, in particular rules to require central clearing for certain types of derivatives, may have an impact on the Company's derivative activity, including activity on behalf of Aflac Japan.[r.1]</b>","[61.75, 36.6, 1.64]",neutral,"[99.97, 0.01, 0.02]",neutral,"[81.51, 3.68, 14.81]",neutral
Emission. Natural resource consumption. Waste. Biodiversity. Water. Green. Sustainability. Climate Change. Carbon Footprint. Environmental Impact. Water Stress. Pollution. Toxic. Clean Tech. Renewable. Fire. greenhouse. recycle,71.45,23,"As of December 31, 2021, over 50% of U.S. employees were working remotely. The Company's return to worksite for U.S. based employees is expected to be a phased approach that begins in the first quarter of 2022, subject to factors including vaccination rates, the return schedule of school systems and the availability of child care, the https//sec.report/Document/000000497722000058/ 36/256 10/12/22, 135 PM Aﬂac Inc 2021 Annual Report 10K Item 7. Management's Discussion and Analysis of Financial Condition and Results of Operations  replication rate, and the emergence of new variants and hospital capacity in areas of the U.S. where the Company has significant operations. For those employees who are working in one of the Company's worksites, safety protocols have been put in place that align with or exceed those recommended by the Centers for Disease Control and Prevention (CDC). After the return to worksite, the Parent Company and Aflac U.S. expect to adopt a workforce model comprised of a mix of full time office employees, full time remote employees, and employees who will split their time between office and remote work. number of COVID–19 cases and the COVID–19 The Parent Company and Aflac U.S. also continue to maintain several actions taken for its employees. These include a commitment to cover the costs of COVID19 testing and extended paid leave in certain circumstances.","['After the return to worksite, the Parent Company and Aflac U.S. expect to adopt a workforce model comprised of a mix of full time office employees, full time remote employees, and employees who will split their time between office and remote work.']","As of December 31, 2021, over 50% of U.S. employees were working remotely. The Company's return to worksite for U.S. based employees is expected to be a phased approach that begins in the first quarter of 2022, subject to factors including vaccination rates, the return schedule of school systems and the availability of child care, the https//sec.report/Document/000000497722000058/ 36/256 10/12/22, 135 PM Aﬂac Inc 2021 Annual Report 10K Item 7. Management's Discussion and Analysis of Financial Condition and Results of Operations  replication rate, and the emergence of new variants and hospital capacity in areas of the U.S. where the Company has significant operations. For those employees who are working in one of the Company's worksites, safety protocols have been put in place that align with or exceed those recommended by the Centers for Disease Control and Prevention (CDC). <b>After the return to worksite, the Parent Company and Aflac U.S. expect to adopt a workforce model comprised of a mix of full time office employees, full time remote employees, and employees who will split their time between office and remote work.[r.1]</b> number of COVID–19 cases and the COVID–19 The Parent Company and Aflac U.S. also continue to maintain several actions taken for its employees. These include a commitment to cover the costs of COVID19 testing and extended paid leave in certain circumstances.","[1.61, 86.15, 12.24]",positive,"[99.98, 0.01, 0.01]",neutral,"[87.22, 10.3, 2.48]",neutral
Emission. Natural resource consumption. Waste. Biodiversity. Water. Green. Sustainability. Climate Change. Carbon Footprint. Environmental Impact. Water Stress. Pollution. Toxic. Clean Tech. Renewable. Fire. greenhouse. recycle,70.95,18,"Item 5. Market for Registrant's Common Equity, Related Stockholder Matters and Issuer Purchases of Equity Securities Stock Performance Graph The following graph compares the fiveyear performance of the Company's common stock to the Standard & Poor's 500 Index (S&P 500) and the Standard & Poor's Life and Health Insurance Index (S&P Life and Health). The Standard & Poor's Life and Health Insurance Index includes Aflac Incorporated, Globe Life Inc., Lincoln National Corporation, MetLife Inc., Principal Financial Group Inc. and Prudential Financial Inc.","[""The Standard & Poor's Life and Health Insurance Index includes Aflac Incorporated, Globe Life Inc., Lincoln National Corporation, MetLife Inc., Principal Financial Group Inc. and Prudential Financial Inc.""]","Item 5. Market for Registrant's Common Equity, Related Stockholder Matters and Issuer Purchases of Equity Securities Stock Performance Graph The following graph compares the fiveyear performance of the Company's common stock to the Standard & Poor's 500 Index (S&P 500) and the Standard & Poor's Life and Health Insurance Index (S&P Life and Health). <b>The Standard & Poor's Life and Health Insurance Index includes Aflac Incorporated, Globe Life Inc., Lincoln National Corporation, MetLife Inc., Principal Financial Group Inc. and Prudential Financial Inc.[r.1]</b>","[5.24, 92.68, 2.07]",positive,"[99.99, 0.0, 0.01]",neutral,"[89.19, 5.95, 4.86]",neutral
Emission. Natural resource consumption. Waste. Biodiversity. Water. Green. Sustainability. Climate Change. Carbon Footprint. Environmental Impact. Water Stress. Pollution. Toxic. Clean Tech. Renewable. Fire. greenhouse. recycle,70.94,30,"MD&A for a definition of this nonU.S. GAAP financial measure.   INDUSTRY TRENDS   The Company is impacted by financial markets, economic conditions, regulatory oversight and a variety of trends that affect the industries where it competes.","['The Company is impacted by financial markets, economic conditions, regulatory oversight and a variety of trends that affect the industries where it competes.']","MD&A for a definition of this nonU.S. GAAP financial measure.   INDUSTRY TRENDS   <b>The Company is impacted by financial markets, economic conditions, regulatory oversight and a variety of trends that affect the industries where it competes.[r.1]</b>","[48.75, 49.27, 1.97]",positive,"[99.99, 0.0, 0.01]",neutral,"[65.52, 3.66, 30.83]",neutral
Emission. Natural resource consumption. Waste. Biodiversity. Water. Green. Sustainability. Climate Change. Carbon Footprint. Environmental Impact. Water Stress. Pollution. Toxic. Clean Tech. Renewable. Fire. greenhouse. recycle,70.93,48,"Generally, declines in fair values can be a result of changes in interest rates, yen/dollar exchange rate, and changes in net spreads driven by a broad market move or a change in the issuer's underlying credit quality. The Company believes these issuers have the ability to continue making timely payments of principal and interest. See the Unrealized Investment Gains and Losses section in Note 3 of the Notes to the Consolidated Financial Statements for further discussions of unrealized losses related to financial institutions and other corporate investments. BelowInvestmentGrade Securities The Company's portfolio of belowinvestmentgrade securities includes debt securities purchased while the issuer was rated investment grade plus other loans and bonds purchased as part of an allocation to that segment of the market. The following is the Company's belowinvestmentgrade exposure at December 31.   BelowInvestmentGrade Investments (In millions) Investcorp Capital Limited Commerzbank Pemex Project Funding Master Trust Autostrade Per Litalia Spa KLM Royal Dutch Airlines Telecom Italia SpA Apache Corporation IKB Deutsche Industriebank AG Arconic Inc.",[],"Generally, declines in fair values can be a result of changes in interest rates, yen/dollar exchange rate, and changes in net spreads driven by a broad market move or a change in the issuer's underlying credit quality. The Company believes these issuers have the ability to continue making timely payments of principal and interest. See the Unrealized Investment Gains and Losses section in Note 3 of the Notes to the Consolidated Financial Statements for further discussions of unrealized losses related to financial institutions and other corporate investments. BelowInvestmentGrade Securities The Company's portfolio of belowinvestmentgrade securities includes debt securities purchased while the issuer was rated investment grade plus other loans and bonds purchased as part of an allocation to that segment of the market. The following is the Company's belowinvestmentgrade exposure at December 31.   BelowInvestmentGrade Investments (In millions) Investcorp Capital Limited Commerzbank Pemex Project Funding Master Trust Autostrade Per Litalia Spa KLM Royal Dutch Airlines Telecom Italia SpA Apache Corporation IKB Deutsche Industriebank AG Arconic Inc.","[21.74, 75.6, 2.66]",positive,"[15.99, 0.07, 83.94]",negative,"[66.95, 4.51, 28.55]",neutral
Emission. Natural resource consumption. Waste. Biodiversity. Water. Green. Sustainability. Climate Change. Carbon Footprint. Environmental Impact. Water Stress. Pollution. Toxic. Clean Tech. Renewable. Fire. greenhouse. recycle,70.91,0,"Securities registered pursuant to Section 12(g) of the Act    None Indicate by check mark if the registrant is a wellknown seasoned issuer, as defined in Rule 405 of the Securities Act.     Yes      No Indicate by check mark if the registrant is not required to file reports pursuant to Section 13 or Section 15(d) of the Act.      Yes      No Indicate by check mark whether the registrant (1) has filed all reports required to be filed by Section 13 or 15(d) of the Securities Exchange Act of 1934 during the preceding 12 months (or for such shorter period that the registrant was required to file such reports), and (2) has been subject to such filing requirements for the past 90 days.              Yes    No Indicate by check mark whether the registrant has submitted electronically every Interactive Data File required to be submitted pursuant to Rule 405 of Regulation ST (Section 232.405 of this chapter) during the preceding 12 months (or for such shorter period that the registrant was required to submit such files).      Yes    No Indicate by check mark whether the registrant is a large accelerated filer, an accelerated filer, a nonaccelerated filer, a smaller reporting company, or an emerging growth company. See the definitions of large accelerated filer, accelerated filer, smaller reporting company, and ""emerging growth company"" in Rule 12b2 of the Exchange Act.","['See the definitions of large accelerated filer, accelerated filer, smaller reporting company, and ""emerging growth company"" in Rule 12b2 of the Exchange Act.', 'Yes  \uf0a8  No Indicate by check mark whether the registrant is a large accelerated filer, an accelerated filer, a nonaccelerated filer, a smaller reporting company, or an emerging growth company.', 'Yes  \uf0a8  No Indicate by check mark whether the registrant has submitted electronically every Interactive Data File required to be submitted pursuant to Rule 405 of Regulation ST (Section 232.405 of this chapter) during the preceding 12 months (or for such shorter period that the registrant was required to submit such files).']","Securities registered pursuant to Section 12(g) of the Act    None Indicate by check mark if the registrant is a wellknown seasoned issuer, as defined in Rule 405 of the Securities Act.     Yes      No Indicate by check mark if the registrant is not required to file reports pursuant to Section 13 or Section 15(d) of the Act.      Yes      No Indicate by check mark whether the registrant (1) has filed all reports required to be filed by Section 13 or 15(d) of the Securities Exchange Act of 1934 during the preceding 12 months (or for such shorter period that the registrant was required to file such reports), and (2) has been subject to such filing requirements for the past 90 days.              <b>Yes    No Indicate by check mark whether the registrant has submitted electronically every Interactive Data File required to be submitted pursuant to Rule 405 of Regulation ST (Section 232.405 of this chapter) during the preceding 12 months (or for such shorter period that the registrant was required to submit such files).[r.3]</b>      <b>Yes    No Indicate by check mark whether the registrant is a large accelerated filer, an accelerated filer, a nonaccelerated filer, a smaller reporting company, or an emerging growth company.[r.2]</b> <b>See the definitions of large accelerated filer, accelerated filer, smaller reporting company, and ""emerging growth company"" in Rule 12b2 of the Exchange Act.[r.1]</b>","[4.39, 93.7, 1.91]",positive,"[99.99, 0.01, 0.01]",neutral,"[74.48, 5.37, 20.15]",neutral
Emission. Natural resource consumption. Waste. Biodiversity. Water. Green. Sustainability. Climate Change. Carbon Footprint. Environmental Impact. Water Stress. Pollution. Toxic. Clean Tech. Renewable. Fire. greenhouse. recycle,70.74,33,"Amortized hedge costs/income represent costs/income incurred or recognized as a result of using foreign currency derivatives to hedge certain foreign exchange risks in the Company's Japan segment or in Corporate and other. These amortized hedge costs/ income are estimated at the 37 inception of the derivatives based on the specific terms of each contract and are recognized on a straightline basis over the term of the hedge. The https//sec.report/Document/000000497722000058/ 40/256 10/12/22, 135 PM Aﬂac Inc 2021 Annual Report 10K Company believes that amortized hedge Item 7. Management's Discussion and Analysis of Financial Condition and Results of Operations  costs/income measure the periodic currency risk management costs/income related to hedging certain foreign currency exchange risks and are an important component of net investment income. There is no comparable U.S. GAAP financial measure for amortized hedge costs/ income.","[""Management's Discussion and Analysis of Financial Condition and Results of Operations  costs/income measure the periodic currency risk management costs/income related to hedging certain foreign currency exchange risks and are an important component of net investment income."", ""Amortized hedge costs/income represent costs/income incurred or recognized as a result of using foreign currency derivatives to hedge certain foreign exchange risks in the Company's Japan segment or in Corporate and other.""]","<b>Amortized hedge costs/income represent costs/income incurred or recognized as a result of using foreign currency derivatives to hedge certain foreign exchange risks in the Company's Japan segment or in Corporate and other.[r.2]</b> These amortized hedge costs/ income are estimated at the 37 inception of the derivatives based on the specific terms of each contract and are recognized on a straightline basis over the term of the hedge. The https//sec.report/Document/000000497722000058/ 40/256 10/12/22, 135 PM Aﬂac Inc 2021 Annual Report 10K Company believes that amortized hedge Item 7. <b>Management's Discussion and Analysis of Financial Condition and Results of Operations  costs/income measure the periodic currency risk management costs/income related to hedging certain foreign currency exchange risks and are an important component of net investment income.[r.1]</b> There is no comparable U.S. GAAP financial measure for amortized hedge costs/ income.","[2.49, 94.71, 2.79]",positive,"[99.99, 0.0, 0.01]",neutral,"[79.44, 7.64, 12.92]",neutral
Emission. Natural resource consumption. Waste. Biodiversity. Water. Green. Sustainability. Climate Change. Carbon Footprint. Environmental Impact. Water Stress. Pollution. Toxic. Clean Tech. Renewable. Fire. greenhouse. recycle,70.67,92,"Schedules other than those listed above are omitted because they are not required, are not material, are not applicable, or the required information is shown in the financial statements or notes thereto.   In reviewing the agreements included as exhibits to this annual report, please remember they are included to provide you with information regarding their terms and are not intended to provide any other factual or disclosure information about the Company or the other parties to the agreements. The agreements contain representations and warranties by each of the parties to the applicable agreement. These representations and warranties have been made solely for the benefit of the other parties to the applicable agreement and  statements of fact, but rather as a way of allocating the risk to one of the parties if those statements prove to be inaccurate  have been qualified by disclosures that were made to the other party in connection with the negotiation of the applicable agreement, which disclosures are not necessarily reflected in the agreement  you or other investors and  agreement and are subject to more recent developments.  Accordingly, these representations and warranties may not describe the actual state of affairs as of the date they were made or at any other time. were made only as of the date of the applicable agreement or such other date or dates as may be specified in the may apply standards of materiality in a way that is different from what may be viewed as material to should not in all instances be treated as categorical https//sec.report/Document/000000497722000058/ 178/256 10/12/22, 135 PM Aﬂac Inc 2021 Annual Report 10K (b) EXHIBIT INDEX (1) Articles of Incorporation, as amended – incorporated by reference from Form 10Q for June 30, 2008, Exhibit 3.0.","['These representations and warranties have been made solely for the benefit of the other parties to the applicable agreement and  statements of fact, but rather as a way of allocating the risk to one of the parties if those statements prove to be inaccurate  have been qualified by disclosures that were made to the other party in connection with the negotiation of the applicable agreement, which disclosures are not necessarily reflected in the agreement  you or other investors and  agreement and are subject to more recent developments.  ']","Schedules other than those listed above are omitted because they are not required, are not material, are not applicable, or the required information is shown in the financial statements or notes thereto.   In reviewing the agreements included as exhibits to this annual report, please remember they are included to provide you with information regarding their terms and are not intended to provide any other factual or disclosure information about the Company or the other parties to the agreements. The agreements contain representations and warranties by each of the parties to the applicable agreement. <b>These representations and warranties have been made solely for the benefit of the other parties to the applicable agreement and  statements of fact, but rather as a way of allocating the risk to one of the parties if those statements prove to be inaccurate  have been qualified by disclosures that were made to the other party in connection with the negotiation of the applicable agreement, which disclosures are not necessarily reflected in the agreement  you or other investors and  agreement and are subject to more recent developments.  [r.1]</b>Accordingly, these representations and warranties may not describe the actual state of affairs as of the date they were made or at any other time. were made only as of the date of the applicable agreement or such other date or dates as may be specified in the may apply standards of materiality in a way that is different from what may be viewed as material to should not in all instances be treated as categorical https//sec.report/Document/000000497722000058/ 178/256 10/12/22, 135 PM Aﬂac Inc 2021 Annual Report 10K (b) EXHIBIT INDEX (1) Articles of Incorporation, as amended – incorporated by reference from Form 10Q for June 30, 2008, Exhibit 3.0.","[4.32, 93.81, 1.87]",positive,"[99.99, 0.0, 0.01]",neutral,"[61.4, 4.44, 34.16]",neutral
Emission. Natural resource consumption. Waste. Biodiversity. Water. Green. Sustainability. Climate Change. Carbon Footprint. Environmental Impact. Water Stress. Pollution. Toxic. Clean Tech. Renewable. Fire. greenhouse. recycle,70.35,70,"For assets that are subject to the credit loss measurement, the change in credit loss allowance will be significantly impacted by purchases and sales in those assets during the period as well as entering into new noncancelable loan commitments. During the first quarter of 2020, the Company entered into a loan commitment with an external manager that met the requirements to recognize a credit loss on over $2.2 billion of loan commitments in MMLs over the next few years. The estimate of credit losses for loan commitments was $31 million and $35 million as of December 31, 2021, and 2020, respectively.","['For assets that are subject to the credit loss measurement, the change in credit loss allowance will be significantly impacted by purchases and sales in those assets during the period as well as entering into new noncancelable loan commitments.']","<b>For assets that are subject to the credit loss measurement, the change in credit loss allowance will be significantly impacted by purchases and sales in those assets during the period as well as entering into new noncancelable loan commitments.[r.1]</b> During the first quarter of 2020, the Company entered into a loan commitment with an external manager that met the requirements to recognize a credit loss on over $2.2 billion of loan commitments in MMLs over the next few years. The estimate of credit losses for loan commitments was $31 million and $35 million as of December 31, 2021, and 2020, respectively.","[22.29, 62.3, 15.41]",positive,"[92.9, 0.07, 7.03]",neutral,"[64.82, 5.45, 29.72]",neutral
Emission. Natural resource consumption. Waste. Biodiversity. Water. Green. Sustainability. Climate Change. Carbon Footprint. Environmental Impact. Water Stress. Pollution. Toxic. Clean Tech. Renewable. Fire. greenhouse. recycle,70.22,32,"Adjusted net investment gains and losses are net investment gains and losses adjusted for i) amortized hedge cost/income related to foreign currency exposure management strategies and certain derivative activity, ii) net interest cash flows from foreign currency and interest rate derivatives associated with certain investment strategies, which are both reclassified to net investment income, and iii) the impact of interest cash flows from derivatives associated with notes payable, which is reclassified to interest expense as a component of total adjusted expenses. The Company considers adjusted net investment gains and losses important as it represents the remainder amount that is considered outside management’s control, while excluding the components that are within management’s control and are accordingly reclassified to net investment income and interest expense. The most comparable U.S. GAAP financial measure for adjusted net investment gains and losses is net investment gains and losses.","['Adjusted net investment gains and losses are net investment gains and losses adjusted for i) amortized hedge cost/income related to foreign currency exposure management strategies and certain derivative activity, ii) net interest cash flows from foreign currency and interest rate derivatives associated with certain investment strategies, which are both reclassified to net investment income, and iii) the impact of interest cash flows from derivatives associated with notes payable, which is reclassified to interest expense as a component of total adjusted expenses.']","<b>Adjusted net investment gains and losses are net investment gains and losses adjusted for i) amortized hedge cost/income related to foreign currency exposure management strategies and certain derivative activity, ii) net interest cash flows from foreign currency and interest rate derivatives associated with certain investment strategies, which are both reclassified to net investment income, and iii) the impact of interest cash flows from derivatives associated with notes payable, which is reclassified to interest expense as a component of total adjusted expenses.[r.1]</b> The Company considers adjusted net investment gains and losses important as it represents the remainder amount that is considered outside management’s control, while excluding the components that are within management’s control and are accordingly reclassified to net investment income and interest expense. The most comparable U.S. GAAP financial measure for adjusted net investment gains and losses is net investment gains and losses.","[4.97, 91.4, 3.63]",positive,"[99.98, 0.01, 0.01]",neutral,"[74.89, 6.78, 18.33]",neutral
Emission. Natural resource consumption. Waste. Biodiversity. Water. Green. Sustainability. Climate Change. Carbon Footprint. Environmental Impact. Water Stress. Pollution. Toxic. Clean Tech. Renewable. Fire. greenhouse. recycle,70.13,186,"D.Vesting. The shares shall vest as set forth in the Notice of Grant provided that (i) the shares shall vest immediately upon the death or disability (within the meaning of Code Section 422(c)(6)) of the Participant while employed by the Company or any Affiliate, and (ii) in the event of the Participant’s Retirement then (A) any servicebased vesting requirement shall be deemed fully satisfied if such Restricted Stock Award was made at least one full year prior to such termination of employment and (B) to the extent performance vesting goals are established in respect of the shares, any shares as to which the restrictions on transferability shall not already have lapsed shall not be forfeited unless and until it shall have been determined by the Committee that any such performance vesting goals will not be attained. For the purposes of this Paragraph D, Retirement means voluntary termination of employment with the Company and all Affiliates after attaining age 60. Upon vesting, as described above in this Paragraph D, and within thirty (30) days thereafter, the shares shall be released (paid) to the Participant free of the restrictions described in this Agreement.","['Upon vesting, as described above in this Paragraph D, and within thirty (30) days thereafter, the shares shall be released (paid) to the Participant free of the restrictions described in this Agreement.']","D.Vesting. The shares shall vest as set forth in the Notice of Grant provided that (i) the shares shall vest immediately upon the death or disability (within the meaning of Code Section 422(c)(6)) of the Participant while employed by the Company or any Affiliate, and (ii) in the event of the Participant’s Retirement then (A) any servicebased vesting requirement shall be deemed fully satisfied if such Restricted Stock Award was made at least one full year prior to such termination of employment and (B) to the extent performance vesting goals are established in respect of the shares, any shares as to which the restrictions on transferability shall not already have lapsed shall not be forfeited unless and until it shall have been determined by the Committee that any such performance vesting goals will not be attained. For the purposes of this Paragraph D, Retirement means voluntary termination of employment with the Company and all Affiliates after attaining age 60. <b>Upon vesting, as described above in this Paragraph D, and within thirty (30) days thereafter, the shares shall be released (paid) to the Participant free of the restrictions described in this Agreement.[r.1]</b>","[3.71, 94.1, 2.18]",positive,"[99.99, 0.01, 0.01]",neutral,"[87.55, 5.98, 6.47]",neutral
Emission. Natural resource consumption. Waste. Biodiversity. Water. Green. Sustainability. Climate Change. Carbon Footprint. Environmental Impact. Water Stress. Pollution. Toxic. Clean Tech. Renewable. Fire. greenhouse. recycle,69.77,67,"A gain of $55, $56 and $66 in 2021, 2020 and 2019, respectively, related to the interest rate component of the change in fair value of (6) Includes $170, $167 and $135 of interest expense on debt in 2021, 2020 and 2019, respectively.","['A gain of $55, $56 and $66 in 2021, 2020 and 2019, respectively, related to the interest rate component of the change in fair value of (6) Includes $170, $167 and $135 of interest expense on debt in 2021, 2020 and 2019, respectively.']","<b>A gain of $55, $56 and $66 in 2021, 2020 and 2019, respectively, related to the interest rate component of the change in fair value of (6) Includes $170, $167 and $135 of interest expense on debt in 2021, 2020 and 2019, respectively.[r.1]</b>","[2.3, 58.6, 39.1]",positive,"[0.01, 99.97, 0.02]",positive,"[84.48, 12.65, 2.87]",neutral
Emission. Natural resource consumption. Waste. Biodiversity. Water. Green. Sustainability. Climate Change. Carbon Footprint. Environmental Impact. Water Stress. Pollution. Toxic. Clean Tech. Renewable. Fire. greenhouse. recycle,69.71,180,"C.Forfeiture. Except as otherwise provided in Paragraph D below, upon termination of the Participant’s employment with the Company and all of its Affiliates, any shares as to which the restrictions on transferability shall not already have lapsed pursuant to Paragraph D below, or as otherwise provided in the Plan, shall be immediately forfeited by the Participant and transferred to, and reacquired by, the Company without consideration of any kind. In the case of a Participant who served as a nonemployee sales associate of an Affiliate of the Company immediately before becoming an employee, if such Participant voluntarily terminates employment with the Company or an Affiliate but continues immediately thereafter to perform bona fide services for an Affiliate as a sales associate, the Participant shall be treated as continuing employment with the Company or an Affiliate for purposes of this Agreement. If the Committee or its delegate determines, in its sole discretion, that such a Participant is no longer providing bona fide services to an Affiliate as a sales associate, the Participant shall be deemed to have terminated employment for purposes of this Agreement on the date as of which such services are determined to have ceased. The Committee may require the Participant to provide such evidence of continuing services as it deems appropriate. The Committee may establish policies and procedures to be followed by the Committee or its delegate in determining whether a Participant is providing bona fide services as a sales associate, and such policies (including any amendments or modifications thereto) shall be considered part of this Agreement and shall be binding on the Participant.",[],"C.Forfeiture. Except as otherwise provided in Paragraph D below, upon termination of the Participant’s employment with the Company and all of its Affiliates, any shares as to which the restrictions on transferability shall not already have lapsed pursuant to Paragraph D below, or as otherwise provided in the Plan, shall be immediately forfeited by the Participant and transferred to, and reacquired by, the Company without consideration of any kind. In the case of a Participant who served as a nonemployee sales associate of an Affiliate of the Company immediately before becoming an employee, if such Participant voluntarily terminates employment with the Company or an Affiliate but continues immediately thereafter to perform bona fide services for an Affiliate as a sales associate, the Participant shall be treated as continuing employment with the Company or an Affiliate for purposes of this Agreement. If the Committee or its delegate determines, in its sole discretion, that such a Participant is no longer providing bona fide services to an Affiliate as a sales associate, the Participant shall be deemed to have terminated employment for purposes of this Agreement on the date as of which such services are determined to have ceased. The Committee may require the Participant to provide such evidence of continuing services as it deems appropriate. The Committee may establish policies and procedures to be followed by the Committee or its delegate in determining whether a Participant is providing bona fide services as a sales associate, and such policies (including any amendments or modifications thereto) shall be considered part of this Agreement and shall be binding on the Participant.","[11.09, 86.83, 2.08]",positive,"[99.94, 0.01, 0.05]",neutral,"[82.12, 3.58, 14.31]",neutral
Emission. Natural resource consumption. Waste. Biodiversity. Water. Green. Sustainability. Climate Change. Carbon Footprint. Environmental Impact. Water Stress. Pollution. Toxic. Clean Tech. Renewable. Fire. greenhouse. recycle,69.62,47,"The ratings of the Company's securities referenced in the table below are based on the ratings designations provided by major rating organizations such as Moody's, Standard & Poor's and Fitch or, if not rated, are determined based on the Company's internal analysis of such securities. When the ratings issued by the rating agencies differ, the Company utilizes the second lowest rating when three or more rating agency ratings are available or the lowest rating when only two rating agency ratings are available.   The distributions of fixed maturity securities the Company owns, by credit rating, as of December 31 were as follows  Composition of Fixed Maturity Securities by Credit Rating AAA AA A BBB BB or lower Total Amortized  Cost Fair        Value Amortized  Cost Fair        Value 1.0  % .9  % 1.0  % .9  % 5.1 68.9 22.5 2.5 5.2 68.5 22.8 2.6 4.5 69.3 21.9 3.3 4.6 69.5 21.9 3.1 100.0  % 100.0  % 100.0  % 100.0  % As of December 31, 2021, the Company's direct and indirect exposure to securities in its investment portfolio that were guaranteed by third parties was immaterial both individually and in the aggregate.   The following table presents the 10 largest unrealized loss positions in the Company's portfolio as of December 31, 2021. https//sec.report/Document/000000497722000058/ 55/256 10/12/22, 135 PM Aﬂac Inc 2021 Annual Report 10K Item 7. Management's Discussion and Analysis of Financial Condition and Results of Operations (In millions) KLM Royal Dutch Airlines Commonwealth of the Bahamas Intesa Sanpaolo Spa Nippon Prologis REIT Inc.","['The distributions of fixed maturity securities the Company owns, by credit rating, as of December 31 were as follows  Composition of Fixed Maturity Securities by Credit Rating AAA AA A BBB BB or lower Total Amortized  Cost Fair        Value Amortized  Cost Fair        Value 1.0  %']","The ratings of the Company's securities referenced in the table below are based on the ratings designations provided by major rating organizations such as Moody's, Standard & Poor's and Fitch or, if not rated, are determined based on the Company's internal analysis of such securities. When the ratings issued by the rating agencies differ, the Company utilizes the second lowest rating when three or more rating agency ratings are available or the lowest rating when only two rating agency ratings are available.   <b>The distributions of fixed maturity securities the Company owns, by credit rating, as of December 31 were as follows  Composition of Fixed Maturity Securities by Credit Rating AAA AA A BBB BB or lower Total Amortized  Cost Fair        Value Amortized  Cost Fair        Value 1.0  %[r.1]</b> .9  % 1.0  % .9  % 5.1 68.9 22.5 2.5 5.2 68.5 22.8 2.6 4.5 69.3 21.9 3.3 4.6 69.5 21.9 3.1 100.0  % 100.0  % 100.0  % 100.0  % As of December 31, 2021, the Company's direct and indirect exposure to securities in its investment portfolio that were guaranteed by third parties was immaterial both individually and in the aggregate.   The following table presents the 10 largest unrealized loss positions in the Company's portfolio as of December 31, 2021. https//sec.report/Document/000000497722000058/ 55/256 10/12/22, 135 PM Aﬂac Inc 2021 Annual Report 10K Item 7. Management's Discussion and Analysis of Financial Condition and Results of Operations (In millions) KLM Royal Dutch Airlines Commonwealth of the Bahamas Intesa Sanpaolo Spa Nippon Prologis REIT Inc.","[7.32, 90.94, 1.74]",positive,"[99.99, 0.0, 0.01]",neutral,"[71.87, 4.25, 23.88]",neutral
Emission. Natural resource consumption. Waste. Biodiversity. Water. Green. Sustainability. Climate Change. Carbon Footprint. Environmental Impact. Water Stress. Pollution. Toxic. Clean Tech. Renewable. Fire. greenhouse. recycle,69.6,54,"The Parent Company enters into forward and option contracts to accomplish a dual objective of hedging foreign currency exchange rate risk related to dividend payments by its subsidiary, ALIJ, and reducing enterprisewide hedge costs. (see Enterprise Corporate Hedging Program below).",[],"The Parent Company enters into forward and option contracts to accomplish a dual objective of hedging foreign currency exchange rate risk related to dividend payments by its subsidiary, ALIJ, and reducing enterprisewide hedge costs. (see Enterprise Corporate Hedging Program below).","[0.9, 18.82, 80.28]",negative,"[0.08, 99.9, 0.02]",positive,"[87.96, 9.03, 3.01]",neutral
Emission. Natural resource consumption. Waste. Biodiversity. Water. Green. Sustainability. Climate Change. Carbon Footprint. Environmental Impact. Water Stress. Pollution. Toxic. Clean Tech. Renewable. Fire. greenhouse. recycle,69.59,53,The Parent Company designates yendenominated liabilities (notes payable and loans) as nonderivative hedging instruments and designates certain foreign currency forwards and options as derivative hedges of the Company’s net investment in Aflac Japan (see Enterprise Corporate Hedging Program below).,['The Parent Company designates yendenominated liabilities (notes payable and loans) as nonderivative hedging instruments and designates certain foreign currency forwards and options as derivative hedges of the Company’s net investment in Aflac Japan (see Enterprise Corporate Hedging Program below).'],<b>The Parent Company designates yendenominated liabilities (notes payable and loans) as nonderivative hedging instruments and designates certain foreign currency forwards and options as derivative hedges of the Company’s net investment in Aflac Japan (see Enterprise Corporate Hedging Program below).[r.1]</b>,"[1.7, 94.7, 3.6]",positive,"[99.99, 0.0, 0.01]",neutral,"[93.44, 2.6, 3.96]",neutral
Emission. Natural resource consumption. Waste. Biodiversity. Water. Green. Sustainability. Climate Change. Carbon Footprint. Environmental Impact. Water Stress. Pollution. Toxic. Clean Tech. Renewable. Fire. greenhouse. recycle,69.56,34,"Adjusted earnings excluding current period foreign currency impact are computed using the average foreign currency exchange rate for the comparable prioryear period, which eliminates fluctuations driven solely by foreign currency exchange rate changes. Adjusted earnings per diluted share excluding current period foreign currency impact is adjusted earnings excluding current period foreign currency impact divided by the weighted average outstanding diluted shares for the period presented. The Company considers adjusted earnings excluding current period foreign currency impact and adjusted earnings per diluted share excluding current period foreign currency impact important because a significant portion of the Company's business is conducted in Japan and foreign exchange rates are outside management’s control therefore, the Company believes it is important to understand the impact of translating foreign currency (primarily Japanese yen) into U.S. dollars. The most comparable U.S. GAAP financial measures for adjusted earnings excluding current period foreign currency impact and adjusted earnings per diluted share excluding current period foreign currency impact are net earnings and net earnings per share, respectively.",[],"Adjusted earnings excluding current period foreign currency impact are computed using the average foreign currency exchange rate for the comparable prioryear period, which eliminates fluctuations driven solely by foreign currency exchange rate changes. Adjusted earnings per diluted share excluding current period foreign currency impact is adjusted earnings excluding current period foreign currency impact divided by the weighted average outstanding diluted shares for the period presented. The Company considers adjusted earnings excluding current period foreign currency impact and adjusted earnings per diluted share excluding current period foreign currency impact important because a significant portion of the Company's business is conducted in Japan and foreign exchange rates are outside management’s control therefore, the Company believes it is important to understand the impact of translating foreign currency (primarily Japanese yen) into U.S. dollars. The most comparable U.S. GAAP financial measures for adjusted earnings excluding current period foreign currency impact and adjusted earnings per diluted share excluding current period foreign currency impact are net earnings and net earnings per share, respectively.","[2.47, 93.1, 4.43]",positive,"[99.99, 0.01, 0.01]",neutral,"[74.79, 18.83, 6.38]",neutral
Emission. Natural resource consumption. Waste. Biodiversity. Water. Green. Sustainability. Climate Change. Carbon Footprint. Environmental Impact. Water Stress. Pollution. Toxic. Clean Tech. Renewable. Fire. greenhouse. recycle,69.52,36,"Adjusted return on equity excluding foreign currency impact is adjusted earnings excluding the current period foreign currency impact divided by average shareholders’ equity, excluding AOCI. The Company considers adjusted return on equity excluding foreign currency impact important as it excludes changes in foreign currency and components of AOCI, which fluctuate due to market movements that are outside management's control. The most comparable U.S. GAAP financial measure for adjusted return on equity excluding foreign currency impact is ROE as determined using net earnings and average total shareholders’ equity.",[],"Adjusted return on equity excluding foreign currency impact is adjusted earnings excluding the current period foreign currency impact divided by average shareholders’ equity, excluding AOCI. The Company considers adjusted return on equity excluding foreign currency impact important as it excludes changes in foreign currency and components of AOCI, which fluctuate due to market movements that are outside management's control. The most comparable U.S. GAAP financial measure for adjusted return on equity excluding foreign currency impact is ROE as determined using net earnings and average total shareholders’ equity.","[4.13, 93.4, 2.47]",positive,"[99.99, 0.01, 0.01]",neutral,"[79.73, 15.37, 4.9]",neutral
Emission. Natural resource consumption. Waste. Biodiversity. Water. Green. Sustainability. Climate Change. Carbon Footprint. Environmental Impact. Water Stress. Pollution. Toxic. Clean Tech. Renewable. Fire. greenhouse. recycle,69.39,181,"Notice of Grant provided that (i) the shares shall vest immediately upon the death or Disability of the Participant while employed by the Company or any Affiliate, and (ii) in the event of the Participant’s Retirement then (A) any servicebased vesting requirement shall be deemed fully satisfied if such Restricted Stock Award was made at least one full year prior to such termination of employment and (B) to the extent performance vesting goals are established in respect of the shares, any shares as to which the restrictions on transferability shall not already have lapsed shall not be forfeited unless and until it shall have been determined by the Committee that any such performance vesting goals will not be attained. For the purposes of this Paragraph D, Disability means a physical or mental condition that qualifies the Grantee for longterm disability benefits under a longterm disability plan maintained by the Company or an Affiliate employing the Grantee. For the purposes of this Paragraph D, Retirement means voluntary termination of employment with the Company and all Affiliates after (i) attaining age 65, (ii) qualifying for Rule of 80 retirement (combined age and years of service totaling 80), or (iii) attaining age 55 and completing 15 Years of Service. For purposes of this Paragraph D, Years of Service means a Participant’s complete 12month periods of continuous employment (excluding any periods in which the Participant incurs a break in service) with the Company and its Affiliates. A Participant’s Years of Service shall include employment by a predecessor employer whose stock or substantially all of whose assets are acquired by the Company, as determined by the Committee or its designee. Upon vesting, as described above in this Paragraph D, and within thirty (30) days thereafter, the shares shall be released (paid) to the Participant free of the restrictions described in this Agreement. https//sec.report/Document/000000497722000058/ 238/256 10/12/22, 135 PM Aﬂac Inc 2021 Annual Report 10K E.Miscellaneous. 1.Book Entry. Until the restrictions on transfer have lapsed, the shares shall be held in bookentry form by the Company, as nominee for all Participants. A copy of the Plan and Agreement is on file in the office of the Secretary of Aflac Incorporated, 1932 Wynnton Road, Columbus, GA 31999.","['Upon vesting, as described above in this Paragraph D, and within thirty (30) days thereafter, the shares shall be released (paid) to the Participant free of the restrictions described in this Agreement.']","Notice of Grant provided that (i) the shares shall vest immediately upon the death or Disability of the Participant while employed by the Company or any Affiliate, and (ii) in the event of the Participant’s Retirement then (A) any servicebased vesting requirement shall be deemed fully satisfied if such Restricted Stock Award was made at least one full year prior to such termination of employment and (B) to the extent performance vesting goals are established in respect of the shares, any shares as to which the restrictions on transferability shall not already have lapsed shall not be forfeited unless and until it shall have been determined by the Committee that any such performance vesting goals will not be attained. For the purposes of this Paragraph D, Disability means a physical or mental condition that qualifies the Grantee for longterm disability benefits under a longterm disability plan maintained by the Company or an Affiliate employing the Grantee. For the purposes of this Paragraph D, Retirement means voluntary termination of employment with the Company and all Affiliates after (i) attaining age 65, (ii) qualifying for Rule of 80 retirement (combined age and years of service totaling 80), or (iii) attaining age 55 and completing 15 Years of Service. For purposes of this Paragraph D, Years of Service means a Participant’s complete 12month periods of continuous employment (excluding any periods in which the Participant incurs a break in service) with the Company and its Affiliates. A Participant’s Years of Service shall include employment by a predecessor employer whose stock or substantially all of whose assets are acquired by the Company, as determined by the Committee or its designee. <b>Upon vesting, as described above in this Paragraph D, and within thirty (30) days thereafter, the shares shall be released (paid) to the Participant free of the restrictions described in this Agreement.[r.1]</b> https//sec.report/Document/000000497722000058/ 238/256 10/12/22, 135 PM Aﬂac Inc 2021 Annual Report 10K E.Miscellaneous. 1.Book Entry. Until the restrictions on transfer have lapsed, the shares shall be held in bookentry form by the Company, as nominee for all Participants. A copy of the Plan and Agreement is on file in the office of the Secretary of Aflac Incorporated, 1932 Wynnton Road, Columbus, GA 31999.","[4.87, 93.46, 1.66]",positive,"[99.99, 0.0, 0.01]",neutral,"[82.02, 4.94, 13.04]",neutral
Emission. Natural resource consumption. Waste. Biodiversity. Water. Green. Sustainability. Climate Change. Carbon Footprint. Environmental Impact. Water Stress. Pollution. Toxic. Clean Tech. Renewable. Fire. greenhouse. recycle,69.21,132,"Aflac Incorporated 2013 Management Incentive Plan – incorporated by reference from the 2012 Proxy Statement, Appendix B. https//sec.report/Document/000000497722000058/ 10 14 Afl I t d 2018 M t I ti Pl i t d b f f th 2017 P St t t A di B 185/256 10/12/22, 135 PM 10.14 (https//sec.r eport/Docum ent/4977/00 0120677417 000860/aflac 3220911 def14a.htm) 10.15 (https//sec.r eport/Docum ent/4977/00 0000497721 000063/afl33 121ex101.ht m) 10.16 (https//sec.r eport/Docum ent/4977/00 0120677412 001158/aflac def14a.htm ) 10.17 (https//sec.r eport/Docum ent/4977/00 0000497716 000309/bod optionsagree ment.htm) 10.18 (https//sec.r eport/Docum ent/4977/00 0000497716 000309/bod optionsnotic e.htm) 10.19 (https//sec.r eport/Docum ent/4977/00 0000497716 000309/bodr saagreemen t.htm) 10.20 (https//sec.r eport/Docum ent/4977/00 0000497716 000309/bodr sanotice.htm ) 10.21 (https//sec.r eport/Docum ent/4977/00 0000497716 000309/usrs a.htm) 10.22 (https//sec.r eport/Docum ent/4977/00 0000497716 000309/japa nrsa.htm) 10.23 (https//sec.r eport/Docum ent/4977/00 0000497713 Aflac Incorporated 2018 Management Incentive Plan  incorporated by reference from the 2017 Proxy Statement, Appendix B.",[],"Aflac Incorporated 2013 Management Incentive Plan – incorporated by reference from the 2012 Proxy Statement, Appendix B. https//sec.report/Document/000000497722000058/ 10 14 Afl I t d 2018 M t I ti Pl i t d b f f th 2017 P St t t A di B 185/256 10/12/22, 135 PM 10.14 (https//sec.r eport/Docum ent/4977/00 0120677417 000860/aflac 3220911 def14a.htm) 10.15 (https//sec.r eport/Docum ent/4977/00 0000497721 000063/afl33 121ex101.ht m) 10.16 (https//sec.r eport/Docum ent/4977/00 0120677412 001158/aflac def14a.htm ) 10.17 (https//sec.r eport/Docum ent/4977/00 0000497716 000309/bod optionsagree ment.htm) 10.18 (https//sec.r eport/Docum ent/4977/00 0000497716 000309/bod optionsnotic e.htm) 10.19 (https//sec.r eport/Docum ent/4977/00 0000497716 000309/bodr saagreemen t.htm) 10.20 (https//sec.r eport/Docum ent/4977/00 0000497716 000309/bodr sanotice.htm ) 10.21 (https//sec.r eport/Docum ent/4977/00 0000497716 000309/usrs a.htm) 10.22 (https//sec.r eport/Docum ent/4977/00 0000497716 000309/japa nrsa.htm) 10.23 (https//sec.r eport/Docum ent/4977/00 0000497713 Aflac Incorporated 2018 Management Incentive Plan  incorporated by reference from the 2017 Proxy Statement, Appendix B.","[6.43, 91.28, 2.29]",positive,"[99.99, 0.01, 0.01]",neutral,"[84.31, 3.66, 12.03]",neutral
Emission. Natural resource consumption. Waste. Biodiversity. Water. Green. Sustainability. Climate Change. Carbon Footprint. Environmental Impact. Water Stress. Pollution. Toxic. Clean Tech. Renewable. Fire. greenhouse. recycle,69.19,68,YenTranslation Effects The following table shows the yen/dollar exchange rates used for or during the periods ended December 31. Exchange effects were calculated using the same yen/dollar exchange rate for the current year as for each respective prior year.,['Exchange effects were calculated using the same yen/dollar exchange rate for the current year as for each respective prior year.'],YenTranslation Effects The following table shows the yen/dollar exchange rates used for or during the periods ended December 31. <b>Exchange effects were calculated using the same yen/dollar exchange rate for the current year as for each respective prior year.[r.1]</b>,"[18.51, 79.46, 2.03]",positive,"[99.99, 0.0, 0.01]",neutral,"[89.66, 3.18, 7.17]",neutral
,-1.0,0,,,,,,,,,
,-1.0,1,,,,,,,,,
,-1.0,2,,,,,,,,,
,-1.0,4,,,,,,,,,
,-1.0,5,,,,,,,,,
,-1.0,6,,,,,,,,,
,-1.0,8,,,,,,,,,
,-1.0,9,,,,,,,,,
,-1.0,11,,,,,,,,,
,-1.0,19,,,,,,,,,
,-1.0,20,,,,,,,,,
,-1.0,21,,,,,,,,,
,-1.0,22,,,,,,,,,
,-1.0,27,,,,,,,,,
,-1.0,29,,,,,,,,,
,-1.0,31,,,,,,,,,
,-1.0,32,,,,,,,,,
,-1.0,33,,,,,,,,,
,-1.0,34,,,,,,,,,
,-1.0,38,,,,,,,,,
,-1.0,39,,,,,,,,,
,-1.0,40,,,,,,,,,
,-1.0,41,,,,,,,,,
,-1.0,44,,,,,,,,,
,-1.0,49,,,,,,,,,
,-1.0,52,,,,,,,,,
,-1.0,53,,,,,,,,,
,-1.0,55,,,,,,,,,
